episode,reward,penalty,net_reward,steps,success,response_time_s,rescued,route_efficiency,hard_violations,wasted_actions,blocked_attempts,failed_actions,mean_risk,disaster,policy_loss,value_loss,entropy,entropy_coef,total_loss
1,-113.5,0.0,-113.5,100,False,,0,,0,26,0,26,0.0827,road_blockage,,,,,
2,-190.61,0.0,-190.61,100,False,,0,,0,25,0,25,0.4862,flood,,,,,
3,-230.76,0.0,-230.76,100,False,,0,,0,23,0,23,0.6287,flood,,,,,
4,-223.19,0.0,-223.19,100,False,,0,,0,22,0,22,0.6765,earthquake,,,,,
5,-215.44,0.0,-215.44,100,False,,0,,0,27,0,27,0.5705,wildfire,,,,,
6,-108.31,0.0,-108.31,100,False,,0,,0,21,0,21,0.0113,traffic_jam,,,,,
7,-147.87,0.0,-147.87,100,False,,0,,0,25,0,25,0.2415,wildfire,,,,,
8,-138.05,0.0,-138.05,100,False,,0,,0,22,0,22,0.2666,earthquake,-0.004902126028069428,0.8859206846782139,1.9968017305646624,0.02,0.3981221846171788
9,-1159.02,0.0,-1159.02,100,False,,0,,61,27,0,27,0.643,cyclone,,,,,
10,-263.42,0.0,-263.42,100,False,,0,,0,24,0,24,0.8258,cyclone,,,,,
11,-120.16,0.0,-120.16,100,False,,0,,0,24,0,24,0.0,traffic_jam,,,,,
12,-68.89,0.0,-68.89,79,True,158.0,55,2.385,0,16,0,16,0.7473,wildfire,,,,,
13,-256.64,0.0,-256.64,100,False,,0,,0,21,0,21,0.8027,tsunami,,,,,
14,-87.43,0.0,-87.43,100,False,,0,,0,19,0,19,0.0,traffic_jam,,,,,
15,-165.7,0.0,-165.7,100,False,,0,,0,22,0,22,0.2703,tsunami,,,,,
16,-220.15,0.0,-220.15,100,False,,0,,0,16,0,16,0.5963,cyclone,-0.004428914375603199,0.9144323791776384,1.9769533055169242,0.02,0.4132482085909162
17,-1345.9,0.0,-1345.9,100,False,,0,,69,21,0,21,1.0,cyclone,,,,,
18,-181.77,0.0,-181.77,100,False,,0,,0,15,0,15,0.5122,wildfire,,,,,
19,-98.95,0.0,-98.95,100,False,,0,,0,17,0,17,0.026,heavy_rain,,,,,
20,-174.48,0.0,-174.48,100,False,,0,,0,21,0,21,0.3791,tsunami,,,,,
21,46.43,0.0,46.43,37,True,74.0,58,2.444,0,6,0,6,0.4935,wildfire,,,,,
22,-159.11,0.0,-159.11,100,False,,0,,5,18,0,18,0.0491,landslide,,,,,
23,-201.38,0.0,-201.38,100,False,,0,,0,21,0,21,0.4974,wildfire,,,,,
24,-275.54,0.0,-275.54,100,False,,0,,0,14,0,14,0.9154,tsunami,-0.0018500904513833424,0.7351228654384613,2.0068641185760496,0.02,0.32557405680418017
25,-693.57,0.0,-693.57,100,False,,0,,31,21,0,21,0.6933,wildfire,,,,,
26,-268.22,0.0,-268.22,100,False,,0,,8,22,0,22,0.2741,tsunami,,,,,
27,-121.31,0.0,-121.31,100,False,,0,,0,9,0,9,0.186,flood,,,,,
28,-123.84,0.0,-123.84,100,False,,0,,0,27,0,27,0.1971,heavy_rain,,,,,
29,-75.13,0.0,-75.13,100,False,,0,,0,15,0,15,0.0482,road_blockage,,,,,
30,-109.23,0.0,-109.23,100,False,,0,,0,20,0,20,0.0,traffic_jam,,,,,
31,-153.49,0.0,-153.49,100,False,,0,,0,16,0,16,0.4471,wildfire,,,,,
32,-148.75,0.0,-148.75,100,False,,0,,0,17,0,17,0.3142,heavy_rain,-0.01060390429837363,0.5754272443907601,1.9872318301882064,0.02,0.23736508446080343
33,31.93,0.0,31.93,93,True,186.0,60,2.765,0,12,0,12,0.0,heavy_rain,,,,,
34,-78.17,0.0,-78.17,100,False,,0,,0,16,0,16,0.0,heavy_rain,,,,,
35,66.2,0.0,66.2,42,True,84.0,26,0.967,0,0,0,0,0.0933,landslide,,,,,
36,-94.1,0.0,-94.1,100,False,,0,,0,12,0,12,0.0138,traffic_jam,,,,,
37,-114.67,0.0,-114.67,100,False,,0,,0,20,0,20,0.1361,flood,,,,,
38,-1212.66,0.0,-1212.66,100,False,,0,,65,14,0,14,0.794,tsunami,,,,,
39,-139.28,0.0,-139.28,100,False,,0,,0,15,0,15,0.3141,heavy_rain,,,,,
40,-181.99,0.0,-181.99,44,True,88.0,35,2.417,13,6,0,6,0.5453,flood,-0.0049192008542983485,0.5836341162522634,1.962918492158254,0.02,0.24763948793212573
41,-728.42,0.0,-728.42,100,False,,0,,31,11,0,11,0.8843,cyclone,,,,,
42,-91.22,0.0,-91.22,100,False,,0,,0,7,0,7,0.0,traffic_jam,,,,,
43,-637.91,0.0,-637.91,100,False,,0,,28,18,0,18,0.6289,tsunami,,,,,
44,-101.76,0.0,-101.76,100,False,,0,,0,13,0,13,0.002,traffic_jam,,,,,
45,-1575.53,0.0,-1575.53,100,False,,0,,89,6,0,6,0.9033,tsunami,,,,,
46,15.56,0.0,15.56,73,True,146.0,60,2.692,0,18,0,18,0.2022,tsunami,,,,,
47,-792.69,0.0,-792.69,77,True,154.0,60,3.0,52,6,0,6,0.4485,tsunami,,,,,
48,60.73,0.0,60.73,68,True,136.0,65,2.462,0,6,0,6,0.0499,landslide,-0.012417252842957775,0.4954864799976349,1.9095125675201416,0.02,0.19713573629657427
49,-108.29,0.0,-108.29,59,True,118.0,70,2.636,10,7,0,7,0.2408,earthquake,,,,,
50,-119.85,0.0,-119.85,100,False,,0,,0,8,0,8,0.2292,heavy_rain,,,,,
51,-258.99,0.0,-258.99,100,False,,0,,0,22,0,22,0.8237,earthquake,,,,,
52,-131.3,0.0,-131.3,100,False,,0,,0,23,0,23,0.1619,heavy_rain,,,,,
53,-94.48,0.0,-94.48,100,False,,0,,0,19,0,19,0.0273,road_blockage,,,,,
54,45.28,0.0,45.28,81,True,162.0,61,2.125,0,14,0,14,0.0,road_blockage,,,,,
55,-96.06,0.0,-96.06,100,False,,0,,0,19,0,19,0.0,road_blockage,,,,,
56,-85.36,0.0,-85.36,49,True,98.0,44,2.364,9,4,0,4,0.1425,earthquake,-0.0058272283698897805,0.8974214176336924,1.866483223438263,0.02,0.4055538167556127
57,11.2,0.0,11.2,93,True,186.0,58,4.231,2,5,0,5,0.1149,landslide,,,,,
58,-74.23,0.0,-74.23,100,False,,0,,0,9,0,9,0.0009,road_blockage,,,,,
59,66.98,0.0,66.98,43,True,86.0,59,2.545,0,2,0,2,0.0,traffic_jam,,,,,
60,-85.97,0.0,-85.97,100,False,,0,,0,15,0,15,0.0421,landslide,,,,,
61,62.43,0.0,62.43,28,True,56.0,48,1.133,0,0,0,0,0.4788,cyclone,,,,,
62,-98.97,0.0,-98.97,100,False,,0,,0,16,0,16,0.0697,heavy_rain,,,,,
63,-1333.06,0.0,-1333.06,95,True,190.0,52,3.333,81,12,0,12,0.8104,wildfire,,,,,
64,-132.86,0.0,-132.86,100,False,,0,,0,21,0,21,0.1919,tsunami,-0.004350955861931046,0.6921687702337901,1.8478108843167622,0.02,0.3047772079706192
65,-82.08,0.0,-82.08,100,False,,0,,0,8,0,8,0.0,traffic_jam,,,,,
66,-85.59,0.0,-85.59,100,False,,0,,0,8,0,8,0.0,road_blockage,,,,,
67,72.19,0.0,72.19,18,True,36.0,42,0.909,0,4,0,4,0.3514,tsunami,,,,,
68,-28.09,0.0,-28.09,70,True,140.0,55,3.909,4,6,0,6,0.192,combined,,,,,
69,-242.61,0.0,-242.61,100,False,,0,,0,3,0,3,0.8446,cyclone,,,,,
70,-151.6,0.0,-151.6,100,False,,0,,0,8,0,8,0.4605,wildfire,,,,,
71,-149.22,0.0,-149.22,100,False,,0,,0,4,0,4,0.3651,flood,,,,,
72,85.44,0.0,85.44,19,True,38.0,60,1.3,0,0,0,0,0.3277,wildfire,-0.002124111633747816,0.9633709406852722,1.8246337985992431,0.02,0.4430686831474304
73,9.86,0.0,9.86,84,True,168.0,68,3.333,0,13,0,13,0.2596,tsunami,,,,,
74,-1020.25,0.0,-1020.25,100,False,,0,,55,12,0,12,0.6329,wildfire,,,,,
75,-172.28,0.0,-172.28,100,False,,0,,0,13,0,13,0.4445,combined,,,,,
76,-18.61,0.0,-18.61,39,True,78.0,48,1.917,6,2,0,2,0.0867,road_blockage,,,,,
77,-78.09,0.0,-78.09,100,False,,0,,0,11,0,11,0.0041,landslide,,,,,
78,41.88,0.0,41.88,59,True,118.0,31,2.2,0,0,0,0,0.1813,wildfire,,,,,
79,71.36,0.0,71.36,56,True,112.0,60,1.938,0,0,0,0,0.1225,heavy_rain,,,,,
80,-195.31,0.0,-195.31,100,False,,0,,0,8,0,8,0.5878,earthquake,-0.0048940303362905975,0.561896071434021,1.8326460695266724,0.02,0.2394010865688324
81,-31.09,0.0,-31.09,73,True,146.0,50,2.545,4,17,0,17,0.0379,combined,,,,,
82,57.19,0.0,57.19,28,True,56.0,45,1.444,0,0,0,0,0.3962,cyclone,,,,,
83,-29.6,0.0,-29.6,80,True,160.0,61,3.385,1,6,0,6,0.5298,combined,,,,,
84,57.88,0.0,57.88,57,True,114.0,40,2.615,0,4,0,4,0.0439,flood,,,,,
85,-150.82,0.0,-150.82,100,False,,0,,0,10,0,10,0.3999,flood,,,,,
86,40.4,0.0,40.4,55,True,110.0,46,2.231,0,8,0,8,0.0036,heavy_rain,,,,,
87,92.44,0.0,92.44,28,True,56.0,60,1.9,0,0,0,0,0.0,traffic_jam,,,,,
88,64.58,0.0,64.58,71,True,142.0,60,3.4,0,1,0,1,0.0008,traffic_jam,-0.004131270687503274,0.9150740832090378,1.8286893308162688,0.02,0.41683198809623717
89,20.94,0.0,20.94,53,True,106.0,72,3.7,0,2,0,2,0.5792,tsunami,,,,,
90,-114.02,0.0,-114.02,100,False,,0,,0,4,0,4,0.2084,heavy_rain,,,,,
91,38.73,0.0,38.73,66,True,132.0,70,2.412,0,3,0,3,0.3342,flood,,,,,
92,67.04,0.0,67.04,32,True,64.0,26,1.417,0,0,0,0,0.0665,earthquake,,,,,
93,71.76,0.0,71.76,49,True,98.0,79,2.643,0,0,0,0,0.1495,flood,,,,,
94,31.93,0.0,31.93,40,True,80.0,60,1.75,0,0,0,0,0.6435,tsunami,,,,,
95,-90.04,0.0,-90.04,22,True,44.0,58,1.4,10,0,0,0,0.6907,cyclone,,,,,
96,44.18,0.0,44.18,88,True,176.0,62,3.923,0,10,0,10,0.0,road_blockage,-0.0015311014984035864,1.0750977158546449,1.7885924458503724,0.02,0.5002459123730659
97,82.64,0.0,82.64,36,True,72.0,60,1.75,0,0,0,0,0.1051,heavy_rain,,,,,
98,-532.71,0.0,-532.71,43,True,86.0,30,2.545,36,4,0,4,0.6609,tsunami,,,,,
99,73.75,0.0,73.75,39,True,78.0,76,1.5,0,0,0,0,0.3567,earthquake,,,,,
100,-186.47,0.0,-186.47,100,False,,0,,0,7,0,7,0.6373,cyclone,,,,,
101,-26.25,0.0,-26.25,40,True,80.0,50,2.3,4,1,0,1,0.5424,tsunami,,,,,
102,61.0,0.0,61.0,31,True,62.0,67,2.5,0,1,0,1,0.5809,earthquake,,,,,
103,74.67,0.0,74.67,39,True,78.0,48,1.733,0,2,0,2,0.0,traffic_jam,,,,,
104,64.93,0.0,64.93,29,True,58.0,50,1.571,0,0,0,0,0.1658,earthquake,-0.0013856010201076666,0.7724392573038737,1.8031209389368692,0.02,0.34877160787582395
105,-163.05,0.0,-163.05,52,True,104.0,35,3.143,10,0,0,0,0.7465,cyclone,,,,,
106,-88.72,0.0,-88.72,100,False,,0,,0,9,0,9,0.0,traffic_jam,,,,,
107,77.66,0.0,77.66,52,True,104.0,57,2.071,0,0,0,0,0.0,traffic_jam,,,,,
108,-159.42,0.0,-159.42,35,True,70.0,78,1.846,15,0,0,0,0.4055,tsunami,,,,,
109,80.62,0.0,80.62,21,True,42.0,47,1.385,0,0,0,0,0.0439,road_blockage,,,,,
110,105.17,0.0,105.17,8,True,16.0,71,0.833,0,0,0,0,0.3329,flood,,,,,
111,47.71,0.0,47.71,61,True,122.0,80,2.5,0,1,0,1,0.4341,flood,,,,,
112,18.29,0.0,18.29,54,True,108.0,59,2.357,0,5,0,5,0.5322,tsunami,-0.0034319829273348054,0.998527713616689,1.7518836418787638,0.02,0.4607942084471385
113,75.59,0.0,75.59,21,True,42.0,56,1.5,0,0,0,0,0.3318,tsunami,,,,,
114,-216.57,0.0,-216.57,100,False,,0,,0,13,0,13,0.6827,tsunami,,,,,
115,36.5,0.0,36.5,99,True,198.0,35,4.917,0,12,0,12,0.0,road_blockage,,,,,
116,65.41,0.0,65.41,48,True,96.0,45,1.706,0,0,0,0,0.1576,tsunami,,,,,
117,25.08,0.0,25.08,46,True,92.0,60,2.071,0,4,0,4,0.5468,wildfire,,,,,
118,57.58,0.0,57.58,40,True,80.0,31,1.75,0,6,0,6,0.0041,traffic_jam,,,,,
119,-10.84,0.0,-10.84,34,True,68.0,41,1.769,5,2,0,2,0.1951,wildfire,,,,,
120,-60.83,0.0,-60.83,100,False,,0,,0,6,0,6,0.0,road_blockage,-0.0005526979337446391,0.8673155695199967,1.7577122032642365,0.02,0.39795083850622176
121,-67.68,0.0,-67.68,100,False,,0,,0,12,0,12,0.0,road_blockage,,,,,
122,82.97,0.0,82.97,34,True,68.0,54,1.786,0,0,0,0,0.1165,wildfire,,,,,
123,55.92,0.0,55.92,40,True,80.0,21,2.0,0,4,0,4,0.0465,flood,,,,,
124,-36.1,0.0,-36.1,57,True,114.0,79,2.786,6,5,0,5,0.2217,landslide,,,,,
125,78.25,0.0,78.25,24,True,48.0,38,1.333,0,3,0,3,0.0526,combined,,,,,
126,76.49,0.0,76.49,37,True,74.0,42,1.692,0,0,0,0,0.0,traffic_jam,,,,,
127,71.76,0.0,71.76,48,True,96.0,52,2.0,0,5,0,5,0.0545,landslide,,,,,
128,52.97,0.0,52.97,19,True,38.0,27,1.308,0,0,0,0,0.5114,cyclone,-0.0019078732943550373,0.7590310454368592,1.7467825333277385,0.02,0.3426719983418783
129,-205.67,0.0,-205.67,100,False,,0,,0,11,0,11,0.5634,cyclone,,,,,
130,69.15,0.0,69.15,32,True,64.0,35,1.917,0,0,0,0,0.1185,landslide,,,,,
131,60.19,0.0,60.19,37,True,74.0,23,1.75,0,5,0,5,0.0,road_blockage,,,,,
132,-183.94,0.0,-183.94,100,False,,0,,0,11,0,11,0.5522,combined,,,,,
133,76.6,0.0,76.6,48,True,96.0,51,3.091,0,1,0,1,0.0821,tsunami,,,,,
134,82.48,0.0,82.48,39,True,78.0,56,1.769,0,3,0,3,0.0,landslide,,,,,
135,69.26,0.0,69.26,29,True,58.0,34,2.0,0,4,0,4,0.0265,landslide,,,,,
136,-1473.48,0.0,-1473.48,100,False,,0,,85,11,0,11,0.6111,tsunami,-0.004055223186696821,0.6580112367868424,1.7449694931507111,0.02,0.29005100578069687
137,-10.81,0.0,-10.81,25,True,50.0,77,1.133,7,0,0,0,0.3466,wildfire,,,,,
138,50.0,0.0,50.0,42,True,84.0,55,2.818,0,2,0,2,0.3113,flood,,,,,
139,83.31,0.0,83.31,16,True,32.0,49,1.333,0,0,0,0,0.1418,heavy_rain,,,,,
140,76.82,0.0,76.82,59,True,118.0,63,2.833,0,3,0,3,0.0476,landslide,,,,,
141,50.27,0.0,50.27,36,True,72.0,73,1.643,0,0,0,0,0.7031,earthquake,,,,,
142,3.11,0.0,3.11,69,True,138.0,40,4.0,0,11,0,11,0.2966,tsunami,,,,,
143,35.8,0.0,35.8,54,True,108.0,36,3.167,0,0,0,0,0.2991,combined,,,,,
144,29.25,0.0,29.25,40,True,80.0,41,2.0,0,4,0,4,0.4939,earthquake,-0.0064156812460472185,0.8397815942764282,1.7764023224512735,0.02,0.3779470642407735
145,99.1,0.0,99.1,19,True,38.0,56,0.917,0,1,0,1,0.0,traffic_jam,,,,,
146,-130.09,0.0,-130.09,100,False,,0,,0,12,0,12,0.2547,tsunami,,,,,
147,74.9,0.0,74.9,22,True,44.0,65,1.417,0,0,0,0,0.3384,combined,,,,,
148,-447.57,0.0,-447.57,98,True,196.0,60,4.75,24,17,0,17,0.6532,wildfire,,,,,
149,25.21,0.0,25.21,38,True,76.0,41,1.778,0,0,0,0,0.4743,cyclone,,,,,
150,-80.92,0.0,-80.92,100,False,,0,,0,12,0,12,0.0114,traffic_jam,,,,,
151,-2.91,0.0,-2.91,32,True,64.0,52,1.846,4,0,0,0,0.3906,tsunami,,,,,
152,-48.29,0.0,-48.29,38,True,76.0,50,2.143,7,0,0,0,0.3361,flood,-0.0043611755943857135,1.0224904477596284,1.6895063638687133,0.02,0.4730939269065857
153,-66.18,0.0,-66.18,75,True,150.0,51,3.625,0,1,0,1,0.8136,earthquake,,,,,
154,33.45,0.0,33.45,53,True,106.0,55,3.5,0,2,0,2,0.387,combined,,,,,
155,48.97,0.0,48.97,68,True,136.0,60,3.692,0,1,0,1,0.1156,cyclone,,,,,
156,69.94,0.0,69.94,44,True,88.0,53,2.143,0,0,0,0,0.0425,heavy_rain,,,,,
157,65.19,0.0,65.19,40,True,80.0,20,2.154,0,0,0,0,0.0152,landslide,,,,,
158,-3.44,0.0,-3.44,48,True,96.0,60,2.769,0,2,0,2,0.7081,cyclone,,,,,
159,19.39,0.0,19.39,30,True,60.0,47,1.5,4,0,0,0,0.1668,earthquake,,,,,
160,-151.27,0.0,-151.27,100,False,,0,,0,13,0,13,0.3524,cyclone,-0.005713653366547078,0.6932450771331787,1.6831143498420715,0.02,0.30724660158157346
161,45.1,0.0,45.1,15,True,30.0,73,1.167,3,0,0,0,0.2409,combined,,,,,
162,53.66,0.0,53.66,73,True,146.0,56,4.364,0,4,0,4,0.0518,heavy_rain,,,,,
163,-54.06,0.0,-54.06,25,True,50.0,27,1.333,7,0,0,0,0.5526,flood,,,,,
164,99.34,0.0,99.34,14,True,28.0,74,1.083,0,0,0,0,0.2919,wildfire,,,,,
165,98.44,0.0,98.44,18,True,36.0,63,1.182,0,0,0,0,0.1655,wildfire,,,,,
166,57.18,0.0,57.18,23,True,46.0,40,1.727,1,0,0,0,0.1802,earthquake,,,,,
167,86.45,0.0,86.45,27,True,54.0,42,1.062,0,0,0,0,0.0307,road_blockage,,,,,
168,78.72,0.0,78.72,35,True,70.0,63,1.786,0,1,0,1,0.1825,earthquake,-0.005469007295323536,0.9231019496917725,1.7396716237068177,0.02,0.42128853797912597
169,68.07,0.0,68.07,8,True,16.0,20,0.875,0,0,0,0,0.2737,heavy_rain,,,,,
170,66.76,0.0,66.76,33,True,66.0,47,2.455,0,0,0,0,0.254,heavy_rain,,,,,
171,-91.23,0.0,-91.23,100,False,,0,,0,12,0,12,0.0044,traffic_jam,,,,,
172,95.01,0.0,95.01,18,True,36.0,55,1.333,0,0,0,0,0.0,road_blockage,,,,,
173,-8.58,0.0,-8.58,50,True,100.0,77,2.818,2,0,0,0,0.756,flood,,,,,
174,73.97,0.0,73.97,59,True,118.0,74,2.267,0,9,0,9,0.0019,traffic_jam,,,,,
175,-31.97,0.0,-31.97,21,True,42.0,33,1.214,6,0,0,0,0.6492,tsunami,,,,,
176,17.02,0.0,17.02,58,True,116.0,59,2.733,0,3,0,3,0.5053,tsunami,-0.004444847876826922,1.1210869510968526,1.714194893836975,0.02,0.5218147297700246
177,78.76,0.0,78.76,39,True,78.0,63,3.0,0,0,0,0,0.0483,heavy_rain,,,,,
178,87.59,0.0,87.59,30,True,60.0,74,1.769,0,2,0,2,0.1495,earthquake,,,,,
179,-248.7,0.0,-248.7,100,False,,0,,0,17,0,17,0.6934,cyclone,,,,,
180,74.2,0.0,74.2,41,True,82.0,60,2.583,0,1,0,1,0.0,traffic_jam,,,,,
181,85.42,0.0,85.42,19,True,38.0,75,1.0,0,0,0,0,0.5861,earthquake,,,,,
182,99.84,0.0,99.84,16,True,32.0,72,1.077,0,0,0,0,0.0148,heavy_rain,,,,,
183,61.49,0.0,61.49,46,True,92.0,42,2.154,0,6,0,6,0.0,road_blockage,,,,,
184,25.61,0.0,25.61,63,True,126.0,35,2.222,0,2,0,2,0.3138,wildfire,-0.001984728161308643,0.6948511521021525,1.710248064994812,0.02,0.3112358887990316
185,-91.97,0.0,-91.97,100,False,,0,,0,9,0,9,0.0,traffic_jam,,,,,
186,-996.95,0.0,-996.95,100,False,,0,,55,15,0,15,0.5158,tsunami,,,,,
187,-1368.7,0.0,-1368.7,100,False,,0,,74,7,0,7,0.8583,tsunami,,,,,
188,58.86,0.0,58.86,19,True,38.0,34,1.636,0,0,0,0,0.066,heavy_rain,,,,,
189,49.7,0.0,49.7,72,True,144.0,60,4.7,0,8,0,8,0.0195,landslide,,,,,
190,100.35,0.0,100.35,17,True,34.0,78,1.2,0,1,0,1,0.1595,heavy_rain,,,,,
191,61.77,0.0,61.77,31,True,62.0,54,2.6,0,2,0,2,0.3602,heavy_rain,,,,,
192,20.75,0.0,20.75,31,True,62.0,29,1.75,0,3,0,3,0.7469,tsunami,-0.0019706058490555735,0.6534977465867996,1.647895222902298,0.02,0.29182036221027374
193,-860.67,0.0,-860.67,97,True,194.0,53,6.0,52,8,0,8,0.6546,tsunami,,,,,
194,-141.95,0.0,-141.95,100,False,,0,,0,10,0,10,0.2907,cyclone,,,,,
195,53.61,0.0,53.61,28,True,56.0,20,1.615,1,0,0,0,0.092,landslide,,,,,
196,94.17,0.0,94.17,25,True,50.0,73,1.235,0,0,0,0,0.0,landslide,,,,,
197,9.91,0.0,9.91,68,True,136.0,47,4.5,0,5,0,5,0.3455,cyclone,,,,,
198,77.45,0.0,77.45,15,True,30.0,46,0.909,0,1,0,1,0.3749,cyclone,,,,,
199,46.5,0.0,46.5,32,True,64.0,57,3.111,0,0,0,0,0.3475,combined,,,,,
200,38.02,0.0,38.02,37,True,74.0,35,1.688,0,2,0,2,0.3918,tsunami,-0.005684654123615474,0.580746914446354,1.6138612627983093,0.02,0.2524115815758705
201,-49.6,0.0,-49.6,30,True,60.0,64,1.533,8,0,0,0,0.4027,cyclone,,,,,
202,-194.29,0.0,-194.29,100,False,,0,,0,10,0,10,0.5165,combined,,,,,
203,-1386.08,0.0,-1386.08,100,False,,0,,75,16,0,16,0.9174,flood,,,,,
204,71.11,0.0,71.11,11,True,22.0,44,0.889,1,0,0,0,0.3156,wildfire,,,,,
205,-185.08,0.0,-185.08,100,False,,0,,0,14,0,14,0.4208,tsunami,,,,,
206,89.11,0.0,89.11,17,True,34.0,58,1.231,0,0,0,0,0.0,traffic_jam,,,,,
207,-210.7,0.0,-210.7,100,False,,0,,0,19,0,19,0.6004,tsunami,,,,,
208,-81.71,0.0,-81.71,100,False,,0,,0,14,0,14,0.0,road_blockage,-0.0020733651658520103,0.8216113662719726,1.6402574110031127,0.02,0.37592717170715334
209,60.72,0.0,60.72,29,True,58.0,58,1.769,0,0,0,0,0.4261,heavy_rain,,,,,
210,-883.78,0.0,-883.78,100,False,,0,,46,7,0,7,0.5199,cyclone,,,,,
211,61.51,0.0,61.51,20,True,40.0,34,1.357,0,0,0,0,0.0654,traffic_jam,,,,,
212,-234.51,0.0,-234.51,28,True,56.0,71,1.643,19,0,0,0,0.8437,cyclone,,,,,
213,40.33,0.0,40.33,30,True,60.0,32,1.5,2,0,0,0,0.1182,flood,,,,,
214,-59.34,0.0,-59.34,17,True,34.0,57,1.25,9,0,0,0,0.5128,cyclone,,,,,
215,-254.91,0.0,-254.91,47,True,94.0,51,2.4,20,1,0,1,0.3246,tsunami,,,,,
216,-171.69,0.0,-171.69,100,False,,0,,0,17,0,17,0.4298,earthquake,-0.005107972328551114,0.8640128135681152,1.593836752573649,0.02,0.39502170284589133
217,86.8,0.0,86.8,13,True,26.0,69,1.111,0,0,0,0,0.0654,traffic_jam,,,,,
218,34.58,0.0,34.58,65,True,130.0,36,3.167,0,12,0,12,0.0413,landslide,,,,,
219,54.94,0.0,54.94,66,True,132.0,26,2.8,0,7,0,7,0.0,road_blockage,,,,,
220,65.72,0.0,65.72,39,True,78.0,43,2.5,0,1,0,1,0.0321,traffic_jam,,,,,
221,74.74,0.0,74.74,47,True,94.0,74,2.917,0,3,0,3,0.0009,heavy_rain,,,,,
222,39.67,0.0,39.67,47,True,94.0,20,2.833,0,1,0,1,0.118,tsunami,,,,,
223,75.27,0.0,75.27,18,True,36.0,57,1.385,0,0,0,0,0.054,combined,,,,,
224,86.22,0.0,86.22,33,True,66.0,78,2.25,0,0,0,0,0.1562,cyclone,0.0005303457641275599,0.9948120951652527,1.6536057074864705,0.02,0.4648642838001251
225,58.55,0.0,58.55,14,True,28.0,30,1.091,0,0,0,0,0.4457,earthquake,,,,,
226,69.42,0.0,69.42,20,True,40.0,33,1.385,0,0,0,0,0.296,wildfire,,,,,
227,-133.96,0.0,-133.96,100,False,,0,,0,12,0,12,0.3863,earthquake,,,,,
228,42.16,0.0,42.16,45,True,90.0,64,2.571,3,1,0,1,0.0374,landslide,,,,,
229,78.05,0.0,78.05,23,True,46.0,41,1.462,0,0,0,0,0.016,flood,,,,,
230,70.99,0.0,70.99,16,True,32.0,30,1.273,0,0,0,0,0.2949,flood,,,,,
231,81.47,0.0,81.47,20,True,40.0,31,1.071,0,0,0,0,0.0,road_blockage,,,,,
232,2.68,0.0,2.68,18,True,36.0,59,1.625,5,0,0,0,0.3,flood,-0.0017485580407083034,0.7253621459007263,1.5382074236869812,0.02,0.33016836643218994
233,-135.85,0.0,-135.85,100,False,,0,,0,11,0,11,0.228,flood,,,,,
234,85.78,0.0,85.78,16,True,32.0,64,1.0,0,0,0,0,0.0943,tsunami,,,,,
235,32.04,0.0,32.04,14,True,28.0,48,1.0,3,0,0,0,0.2491,wildfire,,,,,
236,73.24,0.0,73.24,13,True,26.0,35,1.429,0,0,0,0,0.3627,flood,,,,,
237,-219.22,0.0,-219.22,100,False,,0,,0,16,0,16,0.5479,tsunami,,,,,
238,71.09,0.0,71.09,30,True,60.0,80,1.846,0,0,0,0,0.3915,cyclone,,,,,
239,60.48,0.0,60.48,25,True,50.0,23,1.636,0,0,0,0,0.2068,cyclone,,,,,
240,92.14,0.0,92.14,12,True,24.0,62,0.917,0,0,0,0,0.0,traffic_jam,-0.009965275662640731,0.7424832622210185,1.5289213498433432,0.02,0.3306979318459829
241,67.5,0.0,67.5,69,True,138.0,60,3.833,0,4,0,4,0.0059,traffic_jam,,,,,
242,72.74,0.0,72.74,15,True,30.0,59,1.3,0,0,0,0,0.4753,flood,,,,,
243,14.05,0.0,14.05,17,True,34.0,38,1.214,3,0,0,0,0.4498,combined,,,,,
244,-1367.47,0.0,-1367.47,100,False,,0,,81,6,0,6,0.5061,wildfire,,,,,
245,66.05,0.0,66.05,10,True,20.0,34,1.0,0,0,0,0,0.7346,flood,,,,,
246,26.37,0.0,26.37,8,True,16.0,23,1.143,2,0,0,0,0.6477,combined,,,,,
247,-152.33,0.0,-152.33,100,False,,0,,0,6,0,6,0.3682,cyclone,,,,,
248,20.15,0.0,20.15,17,True,34.0,64,0.938,4,0,0,0,0.2409,earthquake,-0.004409821449856585,0.6601814985275268,1.4697081883748373,0.02,0.29628677169481915
249,-173.46,0.0,-173.46,100,False,,0,,0,7,0,7,0.5289,earthquake,,,,,
250,74.17,0.0,74.17,19,True,38.0,42,1.545,0,0,0,0,0.2058,tsunami,,,,,
251,32.76,0.0,32.76,16,True,32.0,53,1.0,3,0,0,0,0.2583,earthquake,,,,,
252,72.2,0.0,72.2,21,True,42.0,75,1.357,0,0,0,0,0.5651,tsunami,,,,,
253,86.57,0.0,86.57,24,True,48.0,49,1.286,0,1,0,1,0.0908,earthquake,,,,,
254,73.15,0.0,73.15,13,True,26.0,40,1.0,0,0,0,0,0.0459,cyclone,,,,,
255,49.95,0.0,49.95,57,True,114.0,54,3.214,0,3,0,3,0.2009,combined,,,,,
256,-70.27,0.0,-70.27,100,False,,0,,0,8,0,8,0.0,traffic_jam,-0.004143400300138941,0.6075067361195882,1.478938357035319,0.02,0.27003119587898256
257,-118.56,0.0,-118.56,100,False,,0,,0,10,0,10,0.1889,earthquake,,,,,
258,28.4,0.0,28.4,12,True,24.0,32,0.909,3,0,0,0,0.1294,wildfire,,,,,
259,2.79,0.0,2.79,52,True,104.0,46,3.583,0,1,0,1,0.6639,tsunami,,,,,
260,80.44,0.0,80.44,7,True,14.0,51,0.875,0,0,0,0,0.406,tsunami,,,,,
261,63.5,0.0,63.5,9,True,18.0,25,0.889,0,0,0,0,0.5431,tsunami,,,,,
262,88.14,0.0,88.14,27,True,54.0,60,1.235,0,0,0,0,0.2471,wildfire,,,,,
263,74.38,0.0,74.38,30,True,60.0,55,2.0,0,0,0,0,0.194,earthquake,,,,,
264,63.88,0.0,63.88,17,True,34.0,36,1.083,1,0,0,0,0.0432,earthquake,-0.0034223834227304906,1.2290914356708527,1.4843580365180968,0.02,0.5814361780881881
265,-90.24,0.0,-90.24,100,False,,0,,0,14,0,14,0.0024,road_blockage,,,,,
266,106.85,0.0,106.85,16,True,32.0,78,1.0,0,0,0,0,0.2117,cyclone,,,,,
267,-89.3,0.0,-89.3,100,False,,0,,0,12,0,12,0.0615,landslide,,,,,
268,85.19,0.0,85.19,7,True,14.0,51,0.875,0,0,0,0,0.0,traffic_jam,,,,,
269,78.24,0.0,78.24,11,True,22.0,44,1.125,0,0,0,0,0.0497,road_blockage,,,,,
270,-65.74,0.0,-65.74,100,False,,0,,0,5,0,5,0.0,landslide,,,,,
271,88.04,0.0,88.04,30,True,60.0,47,1.923,0,0,0,0,0.0034,landslide,,,,,
272,68.98,0.0,68.98,54,True,108.0,73,2.786,0,6,0,6,0.0035,combined,-0.0019261001783888788,0.9131407767534256,1.5268797814846038,0.02,0.42410669028759
273,-154.99,0.0,-154.99,100,False,,0,,0,7,0,7,0.5419,earthquake,,,,,
274,-121.97,0.0,-121.97,100,False,,0,,0,9,0,9,0.304,flood,,,,,
275,79.32,0.0,79.32,32,True,64.0,71,1.588,1,1,0,1,0.1266,wildfire,,,,,
276,83.96,0.0,83.96,34,True,68.0,48,2.364,0,0,0,0,0.0,landslide,,,,,
277,-395.2,0.0,-395.2,100,False,,0,,15,16,0,16,0.3957,wildfire,,,,,
278,85.31,0.0,85.31,12,True,24.0,53,1.25,0,0,0,0,0.0,road_blockage,,,,,
279,77.3,0.0,77.3,31,True,62.0,47,1.5,0,4,0,4,0.0,traffic_jam,,,,,
280,66.0,0.0,66.0,23,True,46.0,38,1.125,0,1,0,1,0.3247,flood,-0.00023527645389549435,0.7290201306343078,1.4727549254894257,0.02,0.33481969088315966
281,-7.97,0.0,-7.97,34,True,68.0,60,1.625,4,2,0,2,0.6008,combined,,,,,
282,57.76,0.0,57.76,63,True,126.0,64,3.5,0,8,0,8,0.0,road_blockage,,,,,
283,-191.0,0.0,-191.0,100,False,,0,,1,14,0,14,0.4209,cyclone,,,,,
284,-929.04,0.0,-929.04,100,False,,0,,52,3,0,3,0.4035,tsunami,,,,,
285,76.75,0.0,76.75,22,True,44.0,32,1.286,0,0,0,0,0.1399,earthquake,,,,,
286,71.48,0.0,71.48,29,True,58.0,53,2.0,0,0,0,0,0.0637,flood,,,,,
287,-87.45,0.0,-87.45,100,False,,0,,0,17,0,17,0.0135,road_blockage,,,,,
288,36.78,0.0,36.78,38,True,76.0,58,2.273,2,1,0,1,0.0575,earthquake,-0.004850545577937737,0.5042984202504158,1.502824956178665,0.02,0.21724216639995575
289,52.51,0.0,52.51,51,True,102.0,21,3.625,0,3,0,3,0.0006,landslide,,,,,
290,83.96,0.0,83.96,14,True,28.0,68,1.091,0,0,0,0,0.2634,combined,,,,,
291,96.03,0.0,96.03,17,True,34.0,65,1.333,0,0,0,0,0.1193,landslide,,,,,
292,83.13,0.0,83.13,9,True,18.0,36,0.889,0,0,0,0,0.2558,heavy_rain,,,,,
293,82.54,0.0,82.54,21,True,42.0,63,1.462,0,0,0,0,0.2323,combined,,,,,
294,-273.57,0.0,-273.57,42,True,84.0,60,1.033,21,4,0,4,0.4364,cyclone,,,,,
295,78.61,0.0,78.61,21,True,42.0,46,1.429,0,0,0,0,0.018,landslide,,,,,
296,-90.87,0.0,-90.87,100,False,,0,,0,20,0,20,0.0561,landslide,0.0019091647234745323,0.9091163555781047,1.5241682449976603,0.02,0.4259839753309886
297,72.45,0.0,72.45,18,True,36.0,53,1.417,0,0,0,0,0.0854,earthquake,,,,,
298,46.65,0.0,46.65,10,True,20.0,49,1.0,2,0,0,0,0.4485,wildfire,,,,,
299,77.35,0.0,77.35,23,True,46.0,42,1.5,0,0,0,0,0.1909,earthquake,,,,,
300,-114.8,0.0,-114.8,100,False,,0,,0,10,0,10,0.1061,heavy_rain,,,,,
301,65.87,0.0,65.87,56,True,112.0,55,3.25,0,0,0,0,0.0226,heavy_rain,,,,,
302,-126.17,0.0,-126.17,100,False,,0,,0,18,0,18,0.2445,flood,,,,,
303,72.4,0.0,72.4,15,True,30.0,35,1.182,0,0,0,0,0.0,road_blockage,,,,,
304,88.52,0.0,88.52,8,True,16.0,67,0.889,0,0,0,0,0.4053,landslide,-0.005023713770788163,1.0342081983884175,1.457490054766337,0.02,0.482930588722229
305,95.19,0.0,95.19,24,True,48.0,69,1.312,0,0,0,0,0.2484,earthquake,,,,,
306,-111.79,0.0,-111.79,100,False,,0,,0,16,0,16,0.1073,flood,,,,,
307,69.84,0.0,69.84,27,True,54.0,57,1.438,0,0,0,0,0.2738,cyclone,,,,,
308,74.02,0.0,74.02,13,True,26.0,54,1.0,0,0,0,0,0.2664,combined,,,,,
309,70.89,0.0,70.89,32,True,64.0,40,1.625,0,0,0,0,0.0113,traffic_jam,,,,,
310,-266.74,0.0,-266.74,100,False,,0,,5,14,0,14,0.4099,cyclone,,,,,
311,97.23,0.0,97.23,21,True,42.0,61,1.125,0,0,0,0,0.0,traffic_jam,,,,,
312,50.93,0.0,50.93,56,True,112.0,48,2.571,0,5,0,5,0.0,traffic_jam,-0.003598714875988662,1.009651537736257,1.4012099663416544,0.02,0.4732028583685557
313,60.84,0.0,60.84,17,True,34.0,22,1.273,0,0,0,0,0.0,traffic_jam,,,,,
314,-97.94,0.0,-97.94,100,False,,0,,0,14,0,14,0.0893,combined,,,,,
315,67.09,0.0,67.09,15,True,30.0,43,1.4,0,0,0,0,0.1343,cyclone,,,,,
316,56.35,0.0,56.35,47,True,94.0,44,2.917,0,3,0,3,0.0161,traffic_jam,,,,,
317,-67.66,0.0,-67.66,100,False,,0,,0,12,0,12,0.0065,road_blockage,,,,,
318,31.24,0.0,31.24,21,True,42.0,55,1.385,3,0,0,0,0.4724,combined,,,,,
319,35.03,0.0,35.03,10,True,20.0,60,1.0,3,0,0,0,0.3851,wildfire,,,,,
320,-96.12,0.0,-96.12,100,False,,0,,0,16,0,16,0.0148,road_blockage,-0.0031124284840188922,0.9062268257141113,1.3741638660430908,0.02,0.42251770496368407
321,83.74,0.0,83.74,21,True,42.0,41,1.125,0,0,0,0,0.1102,landslide,,,,,
322,-304.75,0.0,-304.75,100,False,,0,,8,18,0,18,0.4641,flood,,,,,
323,53.14,0.0,53.14,53,True,106.0,60,3.778,1,5,0,5,0.0218,landslide,,,,,
324,94.41,0.0,94.41,14,True,28.0,78,1.083,0,0,0,0,0.0959,combined,,,,,
325,87.19,0.0,87.19,10,True,20.0,41,0.889,0,0,0,0,0.1235,wildfire,,,,,
326,67.06,0.0,67.06,14,True,28.0,28,0.923,0,0,0,0,0.1729,heavy_rain,,,,,
327,-161.93,0.0,-161.93,100,False,,0,,0,11,0,11,0.4478,tsunami,,,,,
328,-252.99,0.0,-252.99,100,False,,0,,0,9,0,9,0.7796,cyclone,-0.0023765827412717045,0.7819715827703476,1.322199708223343,0.02,0.3621652141213417
329,12.65,0.0,12.65,78,True,156.0,60,3.286,0,14,0,14,0.2363,tsunami,,,,,
330,57.16,0.0,57.16,14,True,28.0,26,1.556,0,0,0,0,0.0911,tsunami,,,,,
331,-1358.21,0.0,-1358.21,100,False,,0,,78,15,0,15,0.6212,combined,,,,,
332,62.61,0.0,62.61,21,True,42.0,22,1.9,0,0,0,0,0.0,road_blockage,,,,,
333,66.77,0.0,66.77,17,True,34.0,75,1.333,1,0,0,0,0.1632,tsunami,,,,,
334,-103.65,0.0,-103.65,100,False,,0,,0,15,0,15,0.0104,heavy_rain,,,,,
335,-116.25,0.0,-116.25,100,False,,0,,0,18,0,18,0.0173,heavy_rain,,,,,
336,84.11,0.0,84.11,8,True,16.0,48,1.0,0,0,0,0,0.0,traffic_jam,-0.0030461039394140245,0.7176674470305443,1.4641911864280701,0.02,0.3265037968754768
337,-94.44,0.0,-94.44,100,False,,0,,0,24,0,24,0.0,landslide,,,,,
338,-180.81,0.0,-180.81,100,False,,0,,3,15,0,15,0.2129,combined,,,,,
339,31.83,0.0,31.83,16,True,32.0,35,1.364,2,0,0,0,0.2607,combined,,,,,
340,-108.97,0.0,-108.97,100,False,,0,,0,5,0,5,0.2313,flood,,,,,
341,33.76,0.0,33.76,60,True,120.0,64,4.444,0,7,0,7,0.219,flood,,,,,
342,74.77,0.0,74.77,10,True,20.0,30,0.909,0,0,0,0,0.0938,flood,,,,,
343,72.69,0.0,72.69,23,True,46.0,63,1.286,0,0,0,0,0.0429,cyclone,,,,,
344,22.56,0.0,22.56,9,True,18.0,51,1.125,4,0,0,0,0.2712,landslide,-0.004557359640602954,1.0251556575298308,1.4048408210277556,0.02,0.4799236461520195
345,63.94,0.0,63.94,12,True,24.0,58,1.091,1,0,0,0,0.426,wildfire,,,,,
346,78.98,0.0,78.98,16,True,32.0,26,1.167,0,0,0,0,0.0,traffic_jam,,,,,
347,-80.58,0.0,-80.58,100,False,,0,,0,17,0,17,0.0025,road_blockage,,,,,
348,-108.35,0.0,-108.35,100,False,,0,,0,11,0,11,0.0,traffic_jam,,,,,
349,70.89,0.0,70.89,16,True,32.0,39,1.154,0,0,0,0,0.0,traffic_jam,,,,,
350,86.91,0.0,86.91,10,True,20.0,64,0.909,0,0,0,0,0.0656,cyclone,,,,,
351,-222.32,0.0,-222.32,100,False,,0,,0,10,0,10,0.6462,earthquake,,,,,
352,-93.19,0.0,-93.19,100,False,,0,,0,11,0,11,0.0158,road_blockage,-0.014460051985224709,0.637876170873642,1.3453725278377533,0.02,0.2775705814361572
353,78.46,0.0,78.46,14,True,28.0,54,1.273,0,0,0,0,0.1077,traffic_jam,,,,,
354,80.57,0.0,80.57,8,True,16.0,67,0.233,1,0,0,0,0.0902,landslide,,,,,
355,-51.95,0.0,-51.95,72,True,144.0,60,5.333,0,13,0,13,0.6463,tsunami,,,,,
356,-95.1,0.0,-95.1,100,False,,0,,0,11,0,11,0.004,traffic_jam,,,,,
357,-62.16,0.0,-62.16,100,False,,0,,0,9,0,9,0.0213,landslide,,,,,
358,79.08,0.0,79.08,15,True,30.0,57,1.167,0,0,0,0,0.0781,traffic_jam,,,,,
359,-102.91,0.0,-102.91,100,False,,0,,0,7,0,7,0.0,traffic_jam,,,,,
360,90.93,0.0,90.93,10,True,20.0,60,0.909,0,0,0,0,0.1721,landslide,-0.002675378604908474,0.9948179602622986,1.280921959877014,0.02,0.4691151648759842
361,-150.49,0.0,-150.49,100,False,,0,,0,4,0,4,0.4253,combined,,,,,
362,92.98,0.0,92.98,11,True,22.0,78,1.222,0,0,0,0,0.1664,tsunami,,,,,
363,69.42,0.0,69.42,19,True,38.0,62,1.267,0,0,0,0,0.3583,cyclone,,,,,
364,-68.65,0.0,-68.65,100,False,,0,,0,5,0,5,0.0059,road_blockage,,,,,
365,-102.22,0.0,-102.22,100,False,,0,,0,6,0,6,0.0014,traffic_jam,,,,,
366,-72.04,0.0,-72.04,100,False,,0,,0,10,0,10,0.0,landslide,,,,,
367,39.98,0.0,39.98,12,True,24.0,75,1.0,3,0,0,0,0.5582,flood,,,,,
368,75.41,0.0,75.41,10,True,20.0,35,0.909,0,0,0,0,0.2638,landslide,-0.004318950881133788,0.7376799315214158,1.236294400691986,0.02,0.3397951252758503
369,-125.69,0.0,-125.69,100,False,,0,,0,2,0,2,0.3021,heavy_rain,,,,,
370,81.53,0.0,81.53,11,True,22.0,62,1.0,0,0,0,0,0.4513,wildfire,,,,,
371,-1465.07,0.0,-1465.07,100,False,,0,,82,9,0,9,0.8563,wildfire,,,,,
372,-168.98,0.0,-168.98,100,False,,0,,0,3,0,3,0.4004,earthquake,,,,,
373,-102.16,0.0,-102.16,100,False,,0,,0,8,0,8,0.2501,wildfire,,,,,
374,93.49,0.0,93.49,15,True,30.0,73,1.0,0,0,0,0,0.0,road_blockage,,,,,
375,76.78,0.0,76.78,20,True,40.0,39,1.188,0,0,0,0,0.0436,wildfire,,,,,
376,-135.6,0.0,-135.6,100,False,,0,,2,7,0,7,0.2043,earthquake,-0.00489648109767586,0.7517897605895996,1.1720468950271608,0.02,0.3475574576854706
377,57.78,0.0,57.78,17,True,34.0,28,1.333,0,0,0,0,0.3563,tsunami,,,,,
378,-1293.34,0.0,-1293.34,100,False,,0,,72,6,0,6,0.7615,tsunami,,,,,
379,-90.45,0.0,-90.45,100,False,,0,,0,4,0,4,0.0,heavy_rain,,,,,
380,84.49,0.0,84.49,23,True,46.0,69,1.2,0,1,0,1,0.1704,tsunami,,,,,
381,16.68,0.0,16.68,39,True,78.0,40,2.909,0,2,0,2,0.5643,earthquake,,,,,
382,-137.56,0.0,-137.56,100,False,,0,,2,1,0,1,0.2573,flood,,,,,
383,80.24,0.0,80.24,11,True,22.0,58,0.917,0,0,0,0,0.2762,combined,,,,,
384,74.88,0.0,74.88,9,True,18.0,45,0.9,0,0,0,0,0.4914,earthquake,-0.0008137946715578437,0.5110949382185936,1.1153322517871858,0.02,0.232427030056715
385,83.07,0.0,83.07,18,True,36.0,55,1.125,0,0,0,0,0.0796,road_blockage,,,,,
386,68.41,0.0,68.41,14,True,28.0,53,1.4,0,0,0,0,0.6922,tsunami,,,,,
387,-133.88,0.0,-133.88,100,False,,0,,0,12,0,12,0.2588,heavy_rain,,,,,
388,-51.8,0.0,-51.8,100,False,,0,,0,3,0,3,0.0225,road_blockage,,,,,
389,75.49,0.0,75.49,19,True,38.0,80,1.385,0,0,0,0,0.3557,cyclone,,,,,
390,94.85,0.0,94.85,14,True,28.0,77,1.167,0,0,0,0,0.096,wildfire,,,,,
391,-59.53,0.0,-59.53,100,False,,0,,0,0,0,0,0.0,road_blockage,,,,,
392,-581.26,0.0,-581.26,100,False,,0,,27,1,0,1,0.61,wildfire,-0.0020969481898646335,0.6493775606155395,1.203173279762268,0.02,0.2985283680260181
393,66.02,0.0,66.02,16,True,32.0,26,1.273,0,0,0,0,0.0519,combined,,,,,
394,82.07,0.0,82.07,21,True,42.0,51,1.357,0,0,0,0,0.0649,traffic_jam,,,,,
395,70.98,0.0,70.98,19,True,38.0,27,1.267,0,0,0,0,0.111,landslide,,,,,
396,92.71,0.0,92.71,17,True,34.0,70,1.143,0,0,0,0,0.0497,combined,,,,,
397,-156.43,0.0,-156.43,98,True,196.0,54,7.9,0,3,0,3,0.875,cyclone,,,,,
398,-68.94,0.0,-68.94,100,True,200.0,60,6.636,0,7,0,7,0.5715,combined,,,,,
399,76.8,0.0,76.8,18,True,36.0,74,1.062,0,0,0,0,0.4458,cyclone,,,,,
400,-78.43,0.0,-78.43,100,False,,0,,0,4,0,4,0.0,landslide,-0.0014608470926759764,0.8380284130573272,1.1221326917409897,0.02,0.3951107047498226
401,87.53,0.0,87.53,15,True,30.0,67,1.0,0,0,0,0,0.0968,flood,,,,,
402,-136.56,0.0,-136.56,100,False,,0,,0,4,0,4,0.3457,wildfire,,,,,
403,68.82,0.0,68.82,13,True,26.0,57,1.0,1,0,0,0,0.1759,earthquake,,,,,
404,85.5,0.0,85.5,39,True,78.0,76,2.429,0,0,0,0,0.0253,flood,,,,,
405,-1165.09,0.0,-1165.09,100,False,,0,,66,3,0,3,0.4894,earthquake,,,,,
406,69.65,0.0,69.65,13,True,26.0,32,1.0,0,0,0,0,0.1915,tsunami,,,,,
407,65.85,0.0,65.85,52,True,104.0,63,3.077,0,2,0,2,0.2228,wildfire,,,,,
408,73.83,0.0,73.83,14,True,28.0,72,0.933,0,0,0,0,0.6169,cyclone,-0.0006495954143853548,0.7247556130091349,1.1334064881006876,0.02,0.3390600840250651
409,-9.53,0.0,-9.53,85,True,170.0,23,4.4,0,3,0,3,0.1839,tsunami,,,,,
410,81.56,0.0,81.56,22,True,44.0,71,1.538,0,0,0,0,0.1013,earthquake,,,,,
411,58.68,0.0,58.68,38,True,76.0,34,2.917,0,0,0,0,0.0,landslide,,,,,
412,100.8,0.0,100.8,15,True,30.0,79,0.933,0,0,0,0,0.0,road_blockage,,,,,
413,-83.87,0.0,-83.87,100,False,,0,,0,11,0,11,0.0806,flood,,,,,
414,57.68,0.0,57.68,24,True,48.0,42,1.5,1,0,0,0,0.1067,landslide,,,,,
415,104.46,0.0,104.46,10,True,20.0,78,0.9,0,0,0,0,0.361,cyclone,,,,,
416,103.45,0.0,103.45,19,True,38.0,61,1.286,0,0,0,0,0.0676,wildfire,-0.0036988953749338784,0.7477234880129496,1.1720189730326334,0.02,0.3467224637667338
417,35.15,0.0,35.15,31,True,62.0,60,2.333,0,0,0,0,0.6998,tsunami,,,,,
418,77.31,0.0,77.31,12,True,24.0,55,1.1,0,0,0,0,0.0,heavy_rain,,,,,
419,46.53,0.0,46.53,48,True,96.0,53,4.1,0,1,0,1,0.2614,combined,,,,,
420,87.48,0.0,87.48,13,True,26.0,70,0.929,0,0,0,0,0.2473,earthquake,,,,,
421,68.69,0.0,68.69,14,True,28.0,20,1.0,0,0,0,0,0.0364,earthquake,,,,,
422,28.41,0.0,28.41,16,True,32.0,74,0.933,4,0,0,0,0.3616,combined,,,,,
423,-88.44,0.0,-88.44,100,False,,0,,0,5,0,5,0.1221,flood,,,,,
424,-76.76,0.0,-76.76,100,False,,0,,0,6,0,6,0.0133,road_blockage,-0.00018600983118327957,0.7598425030708313,1.1637615283330283,0.02,0.35646001299222313
425,-141.47,0.0,-141.47,100,False,,0,,0,3,0,3,0.3432,earthquake,,,,,
426,-81.68,0.0,-81.68,100,False,,0,,2,4,0,4,0.0137,road_blockage,,,,,
427,-0.04,0.0,-0.04,25,True,50.0,44,0.667,3,0,0,0,0.5975,cyclone,,,,,
428,-298.07,0.0,-298.07,100,False,,0,,6,8,0,8,0.7224,wildfire,,,,,
429,82.19,0.0,82.19,17,True,34.0,55,1.333,0,0,0,0,0.0033,traffic_jam,,,,,
430,42.23,0.0,42.23,78,True,156.0,22,4.714,0,1,0,1,0.0053,landslide,,,,,
431,9.09,0.0,9.09,62,True,124.0,71,4.0,0,3,0,3,0.5934,tsunami,,,,,
432,83.71,0.0,83.71,12,True,24.0,59,0.909,0,0,0,0,0.0,traffic_jam,-0.004377860985914595,1.0093076169490813,1.1753163814544678,0.02,0.47676962018013
433,95.62,0.0,95.62,12,True,24.0,59,1.1,0,0,0,0,0.0623,combined,,,,,
434,32.05,0.0,32.05,12,True,24.0,62,1.714,3,0,0,0,0.3007,landslide,,,,,
435,-258.02,0.0,-258.02,100,False,,0,,0,6,0,6,0.8839,earthquake,,,,,
436,-74.12,0.0,-74.12,100,False,,0,,0,4,0,4,0.0012,traffic_jam,,,,,
437,-121.77,0.0,-121.77,100,False,,0,,0,5,0,5,0.2812,combined,,,,,
438,-67.84,0.0,-67.84,100,False,,0,,0,4,0,4,0.0205,flood,,,,,
439,-66.2,0.0,-66.2,100,False,,0,,0,7,0,7,0.0,landslide,,,,,
440,88.07,0.0,88.07,15,True,30.0,59,1.0,0,0,0,0,0.0413,landslide,-0.004009129768237471,0.6220268356800079,1.2041790056228638,0.02,0.28292070746421816
441,79.14,0.0,79.14,17,True,34.0,38,1.067,0,0,0,0,0.1804,combined,,,,,
442,-66.23,0.0,-66.23,100,False,,0,,0,8,0,8,0.0361,heavy_rain,,,,,
443,60.02,0.0,60.02,10,True,20.0,77,0.769,2,0,0,0,0.6085,combined,,,,,
444,81.66,0.0,81.66,12,True,24.0,69,0.923,0,0,0,0,0.205,cyclone,,,,,
445,82.19,0.0,82.19,46,True,92.0,77,3.3,0,4,0,4,0.0128,landslide,,,,,
446,62.58,0.0,62.58,20,True,40.0,35,1.357,0,0,0,0,0.2049,combined,,,,,
447,16.01,0.0,16.01,19,True,38.0,53,1.5,4,0,0,0,0.087,combined,,,,,
448,-108.38,0.0,-108.38,100,False,,0,,0,7,0,7,0.1893,tsunami,-0.0032297021398941675,0.7071884711583455,1.1669955333073934,0.02,0.32702462474505106
449,-98.11,0.0,-98.11,100,False,,0,,0,7,0,7,0.0054,traffic_jam,,,,,
450,-174.62,0.0,-174.62,100,False,,0,,0,6,0,6,0.5327,earthquake,,,,,
451,53.78,0.0,53.78,17,True,34.0,35,1.889,0,0,0,0,0.2097,cyclone,,,,,
452,75.63,0.0,75.63,13,True,26.0,46,0.929,0,0,0,0,0.0,traffic_jam,,,,,
453,63.29,0.0,63.29,15,True,30.0,27,1.154,0,0,0,0,0.2054,heavy_rain,,,,,
454,92.13,0.0,92.13,12,True,24.0,66,0.917,0,0,0,0,0.0503,landslide,,,,,
455,-137.13,0.0,-137.13,100,False,,0,,2,6,0,6,0.0225,heavy_rain,,,,,
456,-248.46,0.0,-248.46,100,False,,0,,12,4,0,4,0.135,wildfire,-0.003573910309933126,0.6500664919614791,1.1210628211498261,0.02,0.2990380771458149
457,76.4,0.0,76.4,17,True,34.0,43,1.214,0,0,0,0,0.0,heavy_rain,,,,,
458,-167.83,0.0,-167.83,100,False,,0,,0,6,0,6,0.5164,earthquake,,,,,
459,78.21,0.0,78.21,22,True,44.0,50,1.385,0,0,0,0,0.0669,heavy_rain,,,,,
460,68.22,0.0,68.22,20,True,40.0,56,1.286,0,0,0,0,0.3155,tsunami,,,,,
461,102.61,0.0,102.61,11,True,22.0,62,0.909,0,0,0,0,0.0294,heavy_rain,,,,,
462,-17.37,0.0,-17.37,88,True,176.0,53,5.923,2,0,0,0,0.2052,tsunami,,,,,
463,-1092.81,0.0,-1092.81,100,False,,0,,55,2,0,2,0.8836,tsunami,,,,,
464,89.27,0.0,89.27,13,True,26.0,60,0.929,0,0,0,0,0.2331,wildfire,-0.006608359820287054,0.6103129506111145,1.0071178674697876,0.02,0.278405757745107
465,-66.36,0.0,-66.36,84,True,168.0,39,7.3,0,3,0,3,0.521,cyclone,,,,,
466,53.96,0.0,53.96,25,True,50.0,21,1.75,0,0,0,0,0.2624,tsunami,,,,,
467,84.96,0.0,84.96,14,True,28.0,46,1.0,0,0,0,0,0.014,wildfire,,,,,
468,-95.73,0.0,-95.73,100,False,,0,,0,6,0,6,0.0,traffic_jam,,,,,
469,74.73,0.0,74.73,14,True,28.0,44,1.556,0,0,0,0,0.0053,road_blockage,,,,,
470,98.53,0.0,98.53,15,True,30.0,80,1.0,0,0,0,0,0.1216,combined,,,,,
471,37.07,0.0,37.07,15,True,30.0,25,1.071,2,0,0,0,0.2306,flood,,,,,
472,65.15,0.0,65.15,25,True,50.0,35,1.667,0,0,0,0,0.0117,earthquake,-0.0004251275056352218,0.9552240053812663,0.9811754743258159,0.02,0.4575633684794108
473,-105.5,0.0,-105.5,100,False,,0,,0,2,0,2,0.2369,landslide,,,,,
474,93.39,0.0,93.39,12,True,24.0,67,0.923,0,0,0,0,0.0,road_blockage,,,,,
475,-91.65,0.0,-91.65,100,False,,0,,0,16,0,16,0.0,road_blockage,,,,,
476,35.57,0.0,35.57,40,True,80.0,65,2.769,0,0,0,0,0.4672,tsunami,,,,,
477,84.65,0.0,84.65,16,True,32.0,61,1.364,0,0,0,0,0.0871,heavy_rain,,,,,
478,67.92,0.0,67.92,18,True,36.0,37,1.062,0,0,0,0,0.0492,traffic_jam,,,,,
479,68.69,0.0,68.69,20,True,40.0,31,1.538,0,0,0,0,0.0239,landslide,,,,,
480,71.77,0.0,71.77,49,True,98.0,60,3.538,0,0,0,0,0.0,road_blockage,-0.004084945016074926,0.7314920783042907,1.0643108050028482,0.02,0.34037487109502157
481,65.19,0.0,65.19,19,True,38.0,36,1.357,0,0,0,0,0.044,earthquake,,,,,
482,73.96,0.0,73.96,19,True,38.0,40,1.125,0,0,0,0,0.0778,earthquake,,,,,
483,87.77,0.0,87.77,15,True,30.0,66,1.364,0,0,0,0,0.0,road_blockage,,,,,
484,-72.28,0.0,-72.28,100,False,,0,,0,5,0,5,0.0,road_blockage,,,,,
485,90.88,0.0,90.88,16,True,32.0,80,1.231,0,0,0,0,0.1223,tsunami,,,,,
486,69.23,0.0,69.23,12,True,24.0,31,1.091,0,0,0,0,0.3104,wildfire,,,,,
487,81.71,0.0,81.71,14,True,28.0,65,1.167,0,0,0,0,0.0526,heavy_rain,,,,,
488,45.32,0.0,45.32,37,True,74.0,40,3.0,0,0,0,0,0.0099,traffic_jam,-0.0030164036492351443,0.6147381126880646,1.1267832279205323,0.02,0.2818169891834259
489,-64.52,0.0,-64.52,100,False,,0,,0,3,0,3,0.0075,landslide,,,,,
490,61.09,0.0,61.09,50,True,100.0,54,3.9,0,1,0,1,0.0,traffic_jam,,,,,
491,-15.82,0.0,-15.82,13,True,26.0,25,1.083,5,0,0,0,0.4984,cyclone,,,,,
492,-155.65,0.0,-155.65,100,False,,0,,0,4,0,4,0.2821,traffic_jam,,,,,
493,67.68,0.0,67.68,77,True,154.0,67,2.1,0,2,0,2,0.0266,landslide,,,,,
494,111.26,0.0,111.26,16,True,32.0,75,1.0,0,0,0,0,0.0,road_blockage,,,,,
495,-78.94,0.0,-78.94,100,False,,0,,1,5,0,5,0.1057,earthquake,,,,,
496,67.86,0.0,67.86,28,True,56.0,44,2.333,0,0,0,0,0.0257,earthquake,-0.00934024464804679,1.0669615894556046,1.186644548177719,0.02,0.500407662987709
497,-167.49,0.0,-167.49,100,False,,0,,5,5,0,5,0.0853,flood,,,,,
498,51.69,0.0,51.69,40,True,80.0,36,2.692,0,0,0,0,0.3439,tsunami,,,,,
499,-186.83,0.0,-186.83,100,False,,0,,0,0,0,0,0.4641,cyclone,,,,,
500,93.04,0.0,93.04,14,True,28.0,72,1.3,0,0,0,0,0.1216,traffic_jam,,,,,
501,47.32,0.0,47.32,26,True,52.0,50,2.0,0,0,0,0,0.451,tsunami,,,,,
502,65.5,0.0,65.5,37,True,74.0,44,2.75,0,0,0,0,0.0,road_blockage,,,,,
503,8.69,0.0,8.69,12,True,24.0,55,0.923,4,0,0,0,0.9056,combined,,,,,
504,-139.46,0.0,-139.46,100,False,,0,,0,0,0,0,0.4355,earthquake,-0.0052954914164729415,0.839292100071907,1.2181350588798523,0.02,0.3899878546595573
505,66.83,0.0,66.83,28,True,56.0,43,1.929,0,0,0,0,0.028,landslide,,,,,
506,98.53,0.0,98.53,48,True,96.0,74,2.786,0,0,0,0,0.0046,road_blockage,,,,,
507,75.36,0.0,75.36,28,True,56.0,68,2.5,0,0,0,0,0.1092,flood,,,,,
508,90.02,0.0,90.02,33,True,66.0,78,1.667,0,0,0,0,0.0127,road_blockage,,,,,
509,82.54,0.0,82.54,18,True,36.0,60,1.385,0,0,0,0,0.1057,landslide,,,,,
510,66.6,0.0,66.6,11,True,22.0,23,1.0,0,0,0,0,0.3247,earthquake,,,,,
511,83.41,0.0,83.41,41,True,82.0,58,2.917,0,0,0,0,0.057,road_blockage,,,,,
512,71.73,0.0,71.73,9,True,18.0,32,0.9,0,0,0,0,0.0993,heavy_rain,-0.002813605760456994,1.0743390560150146,1.3073344707489014,0.02,0.508209228515625
513,63.71,0.0,63.71,18,True,36.0,44,1.214,0,0,0,0,0.4385,earthquake,,,,,
514,-2.96,0.0,-2.96,13,True,26.0,22,0.929,4,0,0,0,0.4685,cyclone,,,,,
515,-693.31,0.0,-693.31,100,False,,0,,34,7,0,7,0.5484,earthquake,,,,,
516,-135.44,0.0,-135.44,100,False,,0,,0,3,0,3,0.2339,cyclone,,,,,
517,-47.09,0.0,-47.09,97,True,194.0,46,7.0,0,3,0,3,0.4842,earthquake,,,,,
518,61.1,0.0,61.1,25,True,50.0,40,1.6,0,0,0,0,0.1467,earthquake,,,,,
519,86.61,0.0,86.61,41,True,82.0,60,3.444,0,1,0,1,0.0053,traffic_jam,,,,,
520,-170.48,0.0,-170.48,100,False,,0,,0,6,0,6,0.5146,tsunami,-0.00040676485223229976,0.9100597232580185,1.308651375770569,0.02,0.42845006436109545
521,51.11,0.0,51.11,29,True,58.0,33,2.273,1,0,0,0,0.1664,earthquake,,,,,
522,37.82,0.0,37.82,18,True,36.0,62,1.385,3,0,0,0,0.2285,landslide,,,,,
523,93.85,0.0,93.85,14,True,28.0,78,1.0,0,0,0,0,0.3869,flood,,,,,
524,73.09,0.0,73.09,38,True,76.0,43,2.615,0,0,0,0,0.1146,wildfire,,,,,
525,-66.24,0.0,-66.24,100,False,,0,,0,3,0,3,0.0135,landslide,,,,,
526,-167.82,0.0,-167.82,100,False,,0,,0,5,0,5,0.4808,cyclone,,,,,
527,100.6,0.0,100.6,27,True,54.0,60,1.643,0,0,0,0,0.0,road_blockage,,,,,
528,57.05,0.0,57.05,14,True,28.0,44,1.556,0,0,0,0,0.5572,heavy_rain,-0.005210653979641696,0.8198589007059733,1.2259653250376383,0.02,0.38019949197769165
529,-54.91,0.0,-54.91,100,False,,0,,0,2,0,2,0.0555,landslide,,,,,
530,67.69,0.0,67.69,28,True,56.0,59,2.0,0,0,0,0,0.2612,wildfire,,,,,
531,67.25,0.0,67.25,24,True,48.0,40,1.917,0,0,0,0,0.2579,flood,,,,,
532,63.85,0.0,63.85,25,True,50.0,45,1.533,0,0,0,0,0.1515,flood,,,,,
533,78.38,0.0,78.38,50,True,100.0,71,5.625,0,0,0,0,0.007,road_blockage,,,,,
534,76.29,0.0,76.29,32,True,64.0,53,2.077,0,0,0,0,0.0,traffic_jam,,,,,
535,-1113.07,0.0,-1113.07,100,False,,0,,59,0,0,0,0.8368,combined,,,,,
536,89.4,0.0,89.4,7,True,14.0,60,0.875,0,0,0,0,0.0,traffic_jam,-0.010357499122619629,0.6727765242258708,1.211942402521769,0.02,0.3017919143040975
537,-576.62,0.0,-576.62,100,False,,0,,23,2,0,2,0.6984,cyclone,,,,,
538,-80.2,0.0,-80.2,100,False,,0,,0,0,0,0,0.0174,traffic_jam,,,,,
539,71.51,0.0,71.51,21,True,42.0,64,1.538,0,0,0,0,0.0789,tsunami,,,,,
540,-169.47,0.0,-169.47,100,False,,0,,1,0,0,0,0.4505,combined,,,,,
541,52.05,0.0,52.05,20,True,40.0,36,1.727,0,0,0,0,0.6444,earthquake,,,,,
542,59.2,0.0,59.2,21,True,42.0,21,1.429,0,0,0,0,0.0931,cyclone,,,,,
543,41.66,0.0,41.66,22,True,44.0,40,1.571,0,0,0,0,0.5878,cyclone,,,,,
544,79.5,0.0,79.5,14,True,28.0,46,1.182,0,0,0,0,0.0131,traffic_jam,0.00015339955571107565,0.5712780773639679,1.2048539340496063,0.02,0.26169535964727403
545,88.53,0.0,88.53,16,True,32.0,74,1.143,0,0,0,0,0.1673,wildfire,,,,,
546,24.09,0.0,24.09,22,True,44.0,24,2.1,0,0,0,0,0.7835,flood,,,,,
547,71.03,0.0,71.03,11,True,22.0,34,1.1,0,0,0,0,0.0,road_blockage,,,,,
548,55.63,0.0,55.63,16,True,32.0,43,1.231,0,0,0,0,0.6332,cyclone,,,,,
549,91.6,0.0,91.6,11,True,22.0,72,1.375,0,0,0,0,0.2239,landslide,,,,,
550,-196.28,0.0,-196.28,25,True,50.0,67,1.6,16,0,0,0,0.8167,combined,,,,,
551,93.83,0.0,93.83,21,True,42.0,79,1.267,0,0,0,0,0.0,traffic_jam,,,,,
552,97.42,0.0,97.42,11,True,22.0,74,0.917,0,0,0,0,0.1692,landslide,0.0007139700930565596,1.0832408726215363,1.0589595675468444,0.02,0.5211552113294602
553,-119.85,0.0,-119.85,100,False,,0,,0,0,0,0,0.3541,wildfire,,,,,
554,80.31,0.0,80.31,19,True,38.0,78,1.462,0,0,0,0,0.3568,flood,,,,,
555,82.66,0.0,82.66,13,True,26.0,68,1.0,0,0,0,0,0.397,earthquake,,,,,
556,-55.98,0.0,-55.98,100,False,,0,,0,7,0,7,0.0,road_blockage,,,,,
557,78.56,0.0,78.56,17,True,34.0,55,1.231,0,0,0,0,0.0616,traffic_jam,,,,,
558,75.39,0.0,75.39,74,True,148.0,50,5.417,0,0,0,0,0.0,landslide,,,,,
559,63.0,0.0,63.0,21,True,42.0,52,1.583,0,0,0,0,0.2123,cyclone,,,,,
560,57.12,0.0,57.12,57,True,114.0,62,6.625,0,0,0,0,0.0,traffic_jam,-0.00012843002914451063,1.1130106449127197,1.284111613035202,0.02,0.5306946605443954
561,-233.56,0.0,-233.56,100,False,,0,,6,4,0,4,0.2581,cyclone,,,,,
562,74.33,0.0,74.33,13,True,26.0,28,1.1,0,0,0,0,0.1626,tsunami,,,,,
563,-71.01,0.0,-71.01,100,False,,0,,0,5,0,5,0.0206,landslide,,,,,
564,56.1,0.0,56.1,17,True,34.0,41,1.214,0,0,0,0,0.5956,flood,,,,,
565,14.42,0.0,14.42,27,True,54.0,79,1.588,3,0,0,0,0.5183,cyclone,,,,,
566,-159.94,0.0,-159.94,100,False,,0,,2,7,0,7,0.2885,earthquake,,,,,
567,88.61,0.0,88.61,16,True,32.0,60,1.182,0,0,0,0,0.0678,road_blockage,,,,,
568,65.15,0.0,65.15,20,True,40.0,58,1.462,0,0,0,0,0.31,cyclone,-0.007417634467128664,0.7630378857254982,1.2125415444374084,0.02,0.3498504810035229
569,-68.89,0.0,-68.89,100,False,,0,,0,4,0,4,0.0069,road_blockage,,,,,
570,49.12,0.0,49.12,49,True,98.0,28,3.636,0,0,0,0,0.0232,traffic_jam,,,,,
571,93.2,0.0,93.2,24,True,48.0,65,1.375,0,0,0,0,0.2083,combined,,,,,
572,18.8,0.0,18.8,28,True,56.0,28,1.929,0,0,0,0,0.6323,tsunami,,,,,
573,13.25,0.0,13.25,20,True,40.0,21,1.267,3,0,0,0,0.1676,wildfire,,,,,
574,7.48,0.0,7.48,42,True,84.0,60,2.167,0,4,0,4,0.703,cyclone,,,,,
575,7.75,0.0,7.75,20,True,40.0,53,1.429,4,0,0,0,0.3423,combined,,,,,
576,40.16,0.0,40.16,19,True,38.0,76,1.118,3,0,0,0,0.2052,flood,-0.0034840478484208385,0.8345901171366373,1.2304055054982503,0.02,0.38920290072758995
577,87.67,0.0,87.67,25,True,50.0,76,1.643,0,0,0,0,0.0,landslide,,,,,
578,-140.64,0.0,-140.64,100,False,,0,,0,3,0,3,0.3928,landslide,,,,,
579,76.98,0.0,76.98,22,True,44.0,76,1.571,0,0,0,0,0.3556,earthquake,,,,,
580,73.92,0.0,73.92,19,True,38.0,65,1.417,0,0,0,0,0.3236,flood,,,,,
581,-103.1,0.0,-103.1,100,False,,0,,0,1,0,1,0.2082,earthquake,,,,,
582,-80.7,0.0,-80.7,100,False,,0,,0,6,0,6,0.0064,road_blockage,,,,,
583,90.77,0.0,90.77,15,True,30.0,35,1.182,0,0,0,0,0.0,landslide,,,,,
584,75.29,0.0,75.29,17,True,34.0,38,1.231,0,0,0,0,0.0591,tsunami,-0.0034000933141214774,0.646847827732563,1.2486224055290223,0.02,0.2950513675808907
585,64.73,0.0,64.73,15,True,30.0,67,1.5,1,0,0,0,0.0596,traffic_jam,,,,,
586,84.85,0.0,84.85,23,True,46.0,54,1.429,0,0,0,0,0.2817,tsunami,,,,,
587,67.05,0.0,67.05,29,True,58.0,61,2.083,0,0,0,0,0.1174,landslide,,,,,
588,59.57,0.0,59.57,13,True,26.0,30,1.0,0,0,0,0,0.4485,cyclone,,,,,
589,77.78,0.0,77.78,14,True,28.0,61,1.3,0,0,0,0,0.2622,combined,,,,,
590,85.15,0.0,85.15,20,True,40.0,57,1.286,0,0,0,0,0.0488,traffic_jam,,,,,
591,78.48,0.0,78.48,12,True,24.0,63,1.091,0,0,0,0,0.3396,landslide,,,,,
592,-92.29,0.0,-92.29,100,False,,0,,0,3,0,3,0.0,traffic_jam,0.001045228179282276,0.6707145512104035,1.2792292475700378,0.02,0.3108179152011871
593,79.26,0.0,79.26,21,True,42.0,75,1.583,0,0,0,0,0.0,traffic_jam,,,,,
594,79.54,0.0,79.54,23,True,46.0,36,1.235,0,0,0,0,0.0084,landslide,,,,,
595,93.08,0.0,93.08,19,True,38.0,79,1.059,0,0,0,0,0.2725,earthquake,,,,,
596,67.92,0.0,67.92,33,True,66.0,53,2.583,0,0,0,0,0.0,traffic_jam,,,,,
597,61.03,0.0,61.03,23,True,46.0,41,1.5,0,0,0,0,0.2481,flood,,,,,
598,10.28,0.0,10.28,42,True,84.0,80,3.9,4,0,0,0,0.2575,flood,,,,,
599,-202.32,0.0,-202.32,100,False,,0,,0,0,0,0,0.6785,wildfire,,,,,
600,80.32,0.0,80.32,28,True,56.0,53,1.769,0,0,0,0,0.2305,tsunami,-0.005467108613811433,0.5501035571098327,1.2178795417149861,0.02,0.24522707760334014
601,66.08,0.0,66.08,78,True,156.0,59,4.583,0,7,0,7,0.0,road_blockage,,,,,
602,78.04,0.0,78.04,15,True,30.0,80,1.5,0,0,0,0,0.2548,heavy_rain,,,,,
603,-123.48,0.0,-123.48,100,False,,0,,0,0,0,0,0.327,wildfire,,,,,
604,81.26,0.0,81.26,20,True,40.0,79,1.462,0,0,0,0,0.2539,flood,,,,,
605,80.06,0.0,80.06,10,True,20.0,69,0.909,0,0,0,0,0.4035,cyclone,,,,,
606,-148.65,0.0,-148.65,100,False,,0,,0,4,0,4,0.4525,wildfire,,,,,
607,-78.41,0.0,-78.41,100,False,,0,,0,6,0,6,0.0239,heavy_rain,,,,,
608,48.15,0.0,48.15,21,True,42.0,31,1.312,0,0,0,0,0.2817,cyclone,-0.004035233889590017,0.7706488698720932,1.3675753235816956,0.02,0.35393769592046737
609,79.68,0.0,79.68,12,True,24.0,48,1.0,0,0,0,0,0.1043,road_blockage,,,,,
610,78.72,0.0,78.72,22,True,44.0,54,1.429,0,0,0,0,0.0,road_blockage,,,,,
611,82.54,0.0,82.54,20,True,40.0,47,1.333,0,1,0,1,0.0,road_blockage,,,,,
612,62.83,0.0,62.83,16,True,32.0,29,1.333,0,0,0,0,0.2342,combined,,,,,
613,78.4,0.0,78.4,9,True,18.0,44,1.125,0,0,0,0,0.0749,landslide,,,,,
614,-86.4,0.0,-86.4,100,False,,0,,0,7,0,7,0.1067,heavy_rain,,,,,
615,80.89,0.0,80.89,14,True,28.0,48,1.0,0,0,0,0,0.0,traffic_jam,,,,,
616,-32.87,0.0,-32.87,19,True,38.0,23,1.417,6,0,0,0,0.4829,flood,-0.0011299720215902198,0.5014245331287384,1.3117798089981079,0.02,0.22334669679403304
617,91.04,0.0,91.04,32,True,64.0,74,2.0,0,0,0,0,0.043,road_blockage,,,,,
618,59.16,0.0,59.16,33,True,66.0,37,2.7,0,0,0,0,0.2933,earthquake,,,,,
619,65.02,0.0,65.02,16,True,32.0,46,1.143,1,0,0,0,0.1463,earthquake,,,,,
620,70.55,0.0,70.55,10,True,20.0,39,1.111,0,0,0,0,0.4543,combined,,,,,
621,9.4,0.0,9.4,50,True,100.0,34,4.091,0,0,0,0,0.4551,cyclone,,,,,
622,65.22,0.0,65.22,21,True,42.0,35,1.235,0,0,0,0,0.0,traffic_jam,,,,,
623,-81.08,0.0,-81.08,100,False,,0,,0,2,0,2,0.147,earthquake,,,,,
624,84.48,0.0,84.48,23,True,46.0,79,1.438,0,0,0,0,0.0727,tsunami,-0.0032840563372398416,0.8195656776428223,1.19251762231191,0.02,0.38264843622843425
625,66.27,0.0,66.27,14,True,28.0,27,1.077,0,0,0,0,0.1566,earthquake,,,,,
626,94.73,0.0,94.73,15,True,30.0,73,1.071,0,0,0,0,0.0039,tsunami,,,,,
627,-1265.74,0.0,-1265.74,100,False,,0,,70,3,0,3,0.793,wildfire,,,,,
628,67.47,0.0,67.47,11,True,22.0,30,0.917,0,0,0,0,0.2622,cyclone,,,,,
629,89.99,0.0,89.99,9,True,18.0,77,1.125,0,0,0,0,0.3563,heavy_rain,,,,,
630,62.87,0.0,62.87,11,True,22.0,25,1.111,0,0,0,0,0.2472,tsunami,,,,,
631,75.75,0.0,75.75,25,True,50.0,43,2.5,0,0,0,0,0.0,landslide,,,,,
632,-26.26,0.0,-26.26,60,True,120.0,58,5.778,4,0,0,0,0.3657,flood,-0.005510564043652267,0.5454945713281631,1.1871373534202576,0.02,0.24349397271871567
633,-111.34,0.0,-111.34,100,False,,0,,0,1,0,1,0.1852,earthquake,,,,,
634,-142.86,0.0,-142.86,100,False,,0,,0,1,0,1,0.4843,wildfire,,,,,
635,60.71,0.0,60.71,33,True,66.0,39,2.462,0,0,0,0,0.0,road_blockage,,,,,
636,-90.13,0.0,-90.13,100,False,,0,,0,4,0,4,0.0,traffic_jam,,,,,
637,32.98,0.0,32.98,66,True,132.0,60,4.917,0,0,0,0,0.3639,wildfire,,,,,
638,18.13,0.0,18.13,52,True,104.0,51,4.7,0,0,0,0,0.3903,cyclone,,,,,
639,24.41,0.0,24.41,31,True,62.0,76,2.333,3,0,0,0,0.2117,combined,,,,,
640,72.4,0.0,72.4,16,True,32.0,55,1.364,0,0,0,0,0.7702,combined,-0.006652678910177201,0.7004758656024933,1.2680252969264985,0.02,0.3182247459888458
641,37.42,0.0,37.42,53,True,106.0,23,4.889,0,0,0,0,0.0461,traffic_jam,,,,,
642,72.02,0.0,72.02,21,True,42.0,48,1.4,0,0,0,0,0.1037,earthquake,,,,,
643,-65.13,0.0,-65.13,100,False,,0,,0,2,0,2,0.0,road_blockage,,,,,
644,59.31,0.0,59.31,24,True,48.0,33,1.533,0,0,0,0,0.1042,heavy_rain,,,,,
645,45.43,0.0,45.43,16,True,32.0,41,1.25,2,0,0,0,0.2466,heavy_rain,,,,,
646,-73.5,0.0,-73.5,95,True,190.0,78,7.636,0,1,0,1,0.6816,cyclone,,,,,
647,-121.99,0.0,-121.99,100,False,,0,,0,8,0,8,0.3556,tsunami,,,,,
648,-146.21,0.0,-146.21,100,False,,0,,0,8,0,8,0.3618,tsunami,-0.002629822887320188,0.8770116955041886,1.4027397453784942,0.02,0.4078212305903435
649,-47.19,0.0,-47.19,23,True,46.0,56,0.667,8,0,0,0,0.3421,combined,,,,,
650,-91.8,0.0,-91.8,100,False,,0,,0,11,0,11,0.001,road_blockage,,,,,
651,64.65,0.0,64.65,20,True,40.0,44,1.583,0,0,0,0,0.1011,flood,,,,,
652,-128.52,0.0,-128.52,100,False,,0,,0,5,0,5,0.3627,wildfire,,,,,
653,66.99,0.0,66.99,33,True,66.0,35,2.077,0,0,0,0,0.0193,traffic_jam,,,,,
654,64.07,0.0,64.07,13,True,26.0,49,1.333,0,0,0,0,0.5939,combined,,,,,
655,81.36,0.0,81.36,11,True,22.0,55,0.917,0,0,0,0,0.0956,cyclone,,,,,
656,81.77,0.0,81.77,17,True,34.0,78,1.455,0,0,0,0,0.245,landslide,-0.0044490357094521945,0.5948768178621928,1.401481572786967,0.02,0.2649597426255544
657,59.93,0.0,59.93,21,True,42.0,34,1.583,0,0,0,0,0.2987,tsunami,,,,,
658,74.01,0.0,74.01,10,True,20.0,34,1.0,0,0,0,0,0.0902,traffic_jam,,,,,
659,80.9,0.0,80.9,17,True,34.0,56,1.333,0,0,0,0,0.0,road_blockage,,,,,
660,56.71,0.0,56.71,20,True,40.0,21,1.188,0,0,0,0,0.0,heavy_rain,,,,,
661,-177.98,0.0,-177.98,100,False,,0,,0,0,0,0,0.603,wildfire,,,,,
662,62.69,0.0,62.69,48,True,96.0,42,2.933,0,0,0,0,0.0069,traffic_jam,,,,,
663,44.31,0.0,44.31,34,True,68.0,23,2.133,0,0,0,0,0.2143,tsunami,,,,,
664,84.47,0.0,84.47,25,True,50.0,52,1.769,0,0,0,0,0.0315,landslide,-0.0036928056195999186,0.6928583979606628,1.3080941677093505,0.02,0.31657450695832573
665,75.82,0.0,75.82,15,True,30.0,67,1.364,0,0,0,0,0.6299,tsunami,,,,,
666,68.06,0.0,68.06,25,True,50.0,68,1.5,0,0,0,0,0.3262,combined,,,,,
667,68.7,0.0,68.7,16,True,32.0,44,1.0,0,0,0,0,0.3778,combined,,,,,
668,25.96,0.0,25.96,71,True,142.0,79,5.25,0,0,0,0,0.3619,flood,,,,,
669,-254.76,0.0,-254.76,100,False,,0,,0,3,0,3,0.8945,cyclone,,,,,
670,76.65,0.0,76.65,21,True,42.0,48,1.727,0,0,0,0,0.0,landslide,,,,,
671,74.93,0.0,74.93,17,True,34.0,43,1.231,0,0,0,0,0.1084,flood,,,,,
672,61.62,0.0,61.62,19,True,38.0,32,1.385,0,0,0,0,0.1844,combined,-0.007530837019051735,0.6204916596412658,1.3063571055730183,0.02,0.2765878518422445
673,70.25,0.0,70.25,26,True,52.0,38,1.636,0,0,0,0,0.0886,heavy_rain,,,,,
674,70.13,0.0,70.13,16,True,32.0,71,1.333,1,0,0,0,0.2046,flood,,,,,
675,90.87,0.0,90.87,12,True,24.0,58,1.111,0,0,0,0,0.0,road_blockage,,,,,
676,64.68,0.0,64.68,19,True,38.0,24,1.231,0,0,0,0,0.0502,road_blockage,,,,,
677,77.77,0.0,77.77,14,True,28.0,69,1.091,0,0,0,0,0.5106,flood,,,,,
678,53.46,0.0,53.46,31,True,62.0,40,2.25,0,0,0,0,0.1489,wildfire,,,,,
679,89.85,0.0,89.85,16,True,32.0,69,1.071,0,0,0,0,0.0642,heavy_rain,,,,,
680,65.8,0.0,65.8,14,True,28.0,34,1.0,0,0,0,0,0.362,combined,-0.0005840010882820934,0.9484624564647675,1.296666395664215,0.02,0.44771389961242675
681,74.32,0.0,74.32,22,True,44.0,69,1.583,0,0,0,0,0.0109,traffic_jam,,,,,
682,58.18,0.0,58.18,39,True,78.0,60,2.615,0,0,0,0,0.0,traffic_jam,,,,,
683,74.92,0.0,74.92,12,True,24.0,62,1.0,1,0,0,0,0.0375,landslide,,,,,
684,53.8,0.0,53.8,20,True,40.0,66,1.667,0,0,0,0,0.8374,flood,,,,,
685,77.12,0.0,77.12,12,True,24.0,72,0.909,1,0,0,0,0.2194,wildfire,,,,,
686,11.94,0.0,11.94,39,True,78.0,60,3.556,2,0,0,0,0.3518,tsunami,,,,,
687,92.55,0.0,92.55,14,True,28.0,70,1.077,0,0,0,0,0.1841,landslide,,,,,
688,66.21,0.0,66.21,35,True,70.0,60,2.7,0,1,0,1,0.0922,earthquake,-0.00038314756529871373,1.0317425191402436,1.3371498942375184,0.02,0.48874512016773225
689,-131.6,0.0,-131.6,100,False,,0,,0,3,0,3,0.2256,cyclone,,,,,
690,46.99,0.0,46.99,31,True,62.0,20,1.929,0,1,0,1,0.0,traffic_jam,,,,,
691,71.85,0.0,71.85,15,True,30.0,77,1.4,1,0,0,0,0.1187,landslide,,,,,
692,80.82,0.0,80.82,16,True,32.0,55,1.6,0,0,0,0,0.106,landslide,,,,,
693,71.46,0.0,71.46,24,True,48.0,48,1.571,0,0,0,0,0.0,road_blockage,,,,,
694,76.69,0.0,76.69,16,True,32.0,64,1.077,0,0,0,0,0.1398,heavy_rain,,,,,
695,39.67,0.0,39.67,16,True,32.0,27,1.556,0,0,0,0,0.4975,cyclone,,,,,
696,82.14,0.0,82.14,22,True,44.0,67,1.833,0,0,0,0,0.0556,road_blockage,-0.0011617171941907146,0.5252110332250595,1.426583218574524,0.02,0.232912141084671
697,-1035.58,0.0,-1035.58,100,False,,0,,53,1,0,1,0.819,cyclone,,,,,
698,63.42,0.0,63.42,41,True,82.0,23,2.9,0,1,0,1,0.0,road_blockage,,,,,
699,63.11,0.0,63.11,15,True,30.0,29,1.167,0,0,0,0,0.0161,heavy_rain,,,,,
700,81.52,0.0,81.52,35,True,70.0,40,2.0,0,0,0,0,0.0144,landslide,,,,,
701,-555.82,0.0,-555.82,100,False,,0,,27,0,0,0,0.4949,earthquake,,,,,
702,83.23,0.0,83.23,17,True,34.0,36,0.933,0,0,0,0,0.0,traffic_jam,,,,,
703,-217.18,0.0,-217.18,100,False,,0,,0,5,0,5,0.7499,cyclone,,,,,
704,58.83,0.0,58.83,18,True,36.0,27,1.5,0,0,0,0,0.3567,wildfire,1.4362396905198694e-05,0.5679399341344833,1.3838830947875977,0.02,0.2563066676259041
705,37.28,0.0,37.28,50,True,100.0,27,4.0,0,0,0,0,0.0591,heavy_rain,,,,,
706,86.38,0.0,86.38,11,True,22.0,60,0.917,0,0,0,0,0.2881,wildfire,,,,,
707,82.61,0.0,82.61,34,True,68.0,64,2.333,0,0,0,0,0.046,tsunami,,,,,
708,26.64,0.0,26.64,21,True,42.0,75,1.727,3,0,0,0,0.3849,combined,,,,,
709,-38.03,0.0,-38.03,26,True,52.0,46,1.471,7,0,0,0,0.2256,earthquake,,,,,
710,66.6,0.0,66.6,12,True,24.0,23,1.2,0,0,0,0,0.0797,tsunami,,,,,
711,-667.33,0.0,-667.33,100,False,,0,,33,3,0,3,0.5899,flood,,,,,
712,86.8,0.0,86.8,13,True,26.0,79,1.083,0,0,0,0,0.1625,heavy_rain,-0.005699612805619836,0.43409539461135865,1.372377332051595,0.02,0.1839005378385385
713,77.97,0.0,77.97,28,True,56.0,60,1.923,0,0,0,0,0.1264,cyclone,,,,,
714,61.99,0.0,61.99,23,True,46.0,27,1.385,0,0,0,0,0.0148,road_blockage,,,,,
715,64.27,0.0,64.27,26,True,52.0,38,2.0,0,0,0,0,0.0466,wildfire,,,,,
716,21.51,0.0,21.51,16,True,32.0,59,1.143,3,0,0,0,0.5729,combined,,,,,
717,80.56,0.0,80.56,16,True,32.0,46,0.933,0,0,0,0,0.0,traffic_jam,,,,,
718,66.43,0.0,66.43,7,True,14.0,24,1.167,0,0,0,0,0.2787,combined,,,,,
719,73.44,0.0,73.44,16,True,32.0,46,1.083,0,0,0,0,0.0418,traffic_jam,,,,,
720,75.94,0.0,75.94,37,True,74.0,51,2.231,0,0,0,0,0.0269,traffic_jam,-0.003602287289686501,1.1890188813209535,1.2930885314941407,0.02,0.5650453746318818
721,56.74,0.0,56.74,31,True,62.0,31,2.25,0,0,0,0,0.1636,flood,,,,,
722,-385.79,0.0,-385.79,100,False,,0,,12,5,0,5,0.5469,cyclone,,,,,
723,83.6,0.0,83.6,12,True,24.0,68,1.091,0,0,0,0,0.3152,cyclone,,,,,
724,-1.98,0.0,-1.98,30,True,60.0,27,1.688,3,0,0,0,0.1399,traffic_jam,,,,,
725,69.15,0.0,69.15,30,True,60.0,32,1.667,0,1,0,1,0.0763,wildfire,,,,,
726,53.43,0.0,53.43,24,True,48.0,22,1.75,0,0,0,0,0.0565,earthquake,,,,,
727,66.12,0.0,66.12,25,True,50.0,55,1.643,0,0,0,0,0.0595,heavy_rain,,,,,
728,90.67,0.0,90.67,15,True,30.0,67,0.933,0,0,0,0,0.0,heavy_rain,-0.0013809682490924994,0.40813550154368083,1.2732880592346192,0.02,0.1772210250298182
729,78.7,0.0,78.7,20,True,40.0,63,1.5,1,0,0,0,0.1057,earthquake,,,,,
730,19.76,0.0,19.76,19,True,38.0,45,1.062,4,0,0,0,0.1401,landslide,,,,,
731,-72.46,0.0,-72.46,18,True,36.0,32,1.214,8,0,0,0,0.7083,tsunami,,,,,
732,60.53,0.0,60.53,33,True,66.0,44,2.7,0,0,0,0,0.0564,tsunami,,,,,
733,75.09,0.0,75.09,15,True,30.0,39,1.0,0,0,0,0,0.0,traffic_jam,,,,,
734,23.09,0.0,23.09,34,True,68.0,49,1.867,0,0,0,0,0.619,cyclone,,,,,
735,-109.75,0.0,-109.75,100,False,,0,,0,7,0,7,0.0116,road_blockage,,,,,
736,83.95,0.0,83.95,23,True,46.0,68,1.909,0,0,0,0,0.0551,tsunami,-0.000978764945951601,0.7325720250606537,1.309958545366923,0.02,0.33910807172457375
737,61.56,0.0,61.56,10,True,20.0,22,0.909,0,0,0,0,0.2189,combined,,,,,
738,65.95,0.0,65.95,23,True,46.0,37,1.429,0,0,0,0,0.0536,heavy_rain,,,,,
739,43.79,0.0,43.79,9,True,18.0,70,0.233,3,0,0,0,0.4894,earthquake,,,,,
740,-92.8,0.0,-92.8,100,False,,0,,0,2,0,2,0.0095,traffic_jam,,,,,
741,-60.97,0.0,-60.97,100,False,,0,,0,5,0,5,0.0252,landslide,,,,,
742,66.79,0.0,66.79,14,True,28.0,80,1.167,2,0,0,0,0.0983,road_blockage,,,,,
743,78.47,0.0,78.47,31,True,62.0,76,2.25,0,0,0,0,0.066,heavy_rain,,,,,
744,92.52,0.0,92.52,17,True,34.0,69,1.231,0,0,0,0,0.1678,flood,-0.001865237412857823,0.6677282134691874,1.3317845662434895,0.02,0.30536318123340606
745,78.05,0.0,78.05,23,True,46.0,80,1.917,0,0,0,0,0.3901,flood,,,,,
746,90.14,0.0,90.14,11,True,22.0,67,0.9,0,0,0,0,0.2157,flood,,,,,
747,63.94,0.0,63.94,14,True,28.0,35,1.167,0,0,0,0,0.4073,heavy_rain,,,,,
748,93.93,0.0,93.93,15,True,30.0,78,0.938,0,0,0,0,0.1329,earthquake,,,,,
749,25.09,0.0,25.09,27,True,54.0,67,1.438,3,0,0,0,0.388,cyclone,,,,,
750,80.08,0.0,80.08,19,True,38.0,45,1.143,0,0,0,0,0.0272,earthquake,,,,,
751,68.29,0.0,68.29,14,True,28.0,20,0.917,0,0,0,0,0.3111,tsunami,,,,,
752,-288.66,0.0,-288.66,100,False,,0,,5,2,0,2,0.7799,combined,-0.0030110560634057037,0.4881444901227951,1.2094276189804076,0.02,0.2168726369738579
753,87.48,0.0,87.48,11,True,22.0,67,1.111,0,0,0,0,0.1587,landslide,,,,,
754,82.37,0.0,82.37,12,True,24.0,60,1.0,0,0,0,0,0.0,traffic_jam,,,,,
755,85.31,0.0,85.31,25,True,50.0,61,1.4,0,0,0,0,0.0016,combined,,,,,
756,47.43,0.0,47.43,21,True,42.0,41,1.118,1,0,0,0,0.2791,combined,,,,,
757,80.35,0.0,80.35,11,True,22.0,59,1.1,0,0,0,0,0.2102,earthquake,,,,,
758,73.91,0.0,73.91,16,True,32.0,28,1.0,0,0,0,0,0.0002,heavy_rain,,,,,
759,-6.69,0.0,-6.69,91,True,182.0,75,6.364,2,0,0,0,0.2143,wildfire,,,,,
760,-153.12,0.0,-153.12,100,False,,0,,0,2,0,2,0.3357,cyclone,-0.003038371354341507,0.5937107324600219,1.2955920457839967,0.02,0.2679051528374354
761,58.35,0.0,58.35,14,True,28.0,44,1.077,0,0,0,0,0.6973,cyclone,,,,,
762,76.59,0.0,76.59,63,True,126.0,60,6.429,0,0,0,0,0.0,road_blockage,,,,,
763,73.58,0.0,73.58,15,True,30.0,49,1.273,0,0,0,0,0.1729,combined,,,,,
764,66.39,0.0,66.39,9,True,18.0,22,0.857,0,0,0,0,0.0,heavy_rain,,,,,
765,85.25,0.0,85.25,25,True,50.0,39,1.533,0,0,0,0,0.0084,landslide,,,,,
766,82.12,0.0,82.12,10,True,20.0,60,1.111,0,0,0,0,0.3131,heavy_rain,,,,,
767,60.74,0.0,60.74,26,True,52.0,48,1.846,0,0,0,0,0.2561,cyclone,,,,,
768,32.31,0.0,32.31,17,True,34.0,52,1.133,3,0,0,0,0.2351,flood,-0.003629646124318242,1.0590447425842284,1.3139126300811768,0.02,0.499614480137825
769,37.55,0.0,37.55,9,True,18.0,28,0.3,2,0,0,0,0.6671,earthquake,,,,,
770,69.71,0.0,69.71,17,True,34.0,40,1.143,0,0,0,0,0.2551,landslide,,,,,
771,-82.98,0.0,-82.98,100,False,,0,,0,5,0,5,0.0007,landslide,,,,,
772,37.4,0.0,37.4,43,True,86.0,41,4.25,0,0,0,0,0.0908,heavy_rain,,,,,
773,-112.65,0.0,-112.65,46,True,92.0,31,1.824,10,3,0,3,0.3047,tsunami,,,,,
774,57.46,0.0,57.46,28,True,56.0,20,1.714,0,1,0,1,0.0729,traffic_jam,,,,,
775,85.94,0.0,85.94,11,True,22.0,60,0.909,0,0,0,0,0.3203,cyclone,,,,,
776,80.13,0.0,80.13,29,True,58.0,59,1.923,0,0,0,0,0.0,tsunami,-0.0014532840189834435,0.7068731824556986,1.4684516509373984,0.02,0.3226142664750417
777,32.67,0.0,32.67,21,True,42.0,62,1.25,3,0,0,0,0.1108,earthquake,,,,,
778,70.68,0.0,70.68,69,True,138.0,60,3.375,0,0,0,0,0.0,traffic_jam,,,,,
779,67.31,0.0,67.31,55,True,110.0,38,3.538,0,0,0,0,0.0,road_blockage,,,,,
780,75.93,0.0,75.93,18,True,36.0,60,1.286,0,0,0,0,0.4517,earthquake,,,,,
781,76.48,0.0,76.48,19,True,38.0,49,1.286,0,0,0,0,0.1154,tsunami,,,,,
782,82.35,0.0,82.35,18,True,36.0,56,1.417,0,0,0,0,0.0397,road_blockage,,,,,
783,11.04,0.0,11.04,100,True,200.0,62,5.615,0,7,0,7,0.2171,tsunami,,,,,
784,59.64,0.0,59.64,13,True,26.0,43,1.083,1,0,0,0,0.1264,landslide,-0.0034306438426331925,0.9391761898994446,1.4150109052658082,0.02,0.43785722851753234
785,1.49,0.0,1.49,16,True,32.0,48,1.273,4,0,0,0,0.6619,earthquake,,,,,
786,54.19,0.0,54.19,19,True,38.0,68,1.583,1,0,0,0,0.5509,flood,,,,,
787,-102.66,0.0,-102.66,100,False,,0,,2,5,0,5,0.042,landslide,,,,,
788,-492.02,0.0,-492.02,100,False,,0,,23,5,0,5,0.3172,cyclone,,,,,
789,65.62,0.0,65.62,26,True,52.0,40,2.0,0,0,0,0,0.0019,landslide,,,,,
790,27.03,0.0,27.03,23,True,46.0,58,0.733,3,0,0,0,0.2951,combined,,,,,
791,-57.77,0.0,-57.77,100,False,,0,,0,0,0,0,0.0149,landslide,,,,,
792,65.11,0.0,65.11,19,True,38.0,33,1.2,0,0,0,0,0.3561,wildfire,-0.002472912578377873,0.4914014756679535,1.3501141905784606,0.02,0.21622554138302802
793,-498.02,0.0,-498.02,72,True,144.0,26,5.25,31,1,0,1,0.4847,wildfire,,,,,
794,54.24,0.0,54.24,39,True,78.0,57,3.5,0,0,0,0,0.0,traffic_jam,,,,,
795,76.49,0.0,76.49,26,True,52.0,79,1.769,0,0,0,0,0.1035,heavy_rain,,,,,
796,60.57,0.0,60.57,14,True,28.0,23,1.273,0,0,0,0,0.1618,combined,,,,,
797,63.72,0.0,63.72,30,True,60.0,20,2.0,0,0,0,0,0.0,heavy_rain,,,,,
798,-129.21,0.0,-129.21,95,True,190.0,72,6.417,0,2,0,2,0.9068,tsunami,,,,,
799,25.13,0.0,25.13,77,True,154.0,45,4.923,0,0,0,0,0.0835,earthquake,,,,,
800,59.36,0.0,59.36,26,True,52.0,36,1.5,0,0,0,0,0.2123,earthquake,-0.0021211206098087133,0.7576152245203654,1.3200653235117594,0.02,0.35028518438339235
