episode,reward,steps,success,response_time_s,rescued,route_efficiency,hard_violations,wasted_actions,blocked_attempts,failed_actions,mean_risk,disaster,mean_loss,epsilon,gradient_steps
1,-99.36,100,False,,0,,0,27,0,27,0.0,road_blockage,,,0
2,-235.82,100,False,,0,,0,27,0,27,0.6457,flood,,,0
3,-228.31,100,False,,0,,0,21,0,21,0.6275,flood,,,0
4,-177.37,100,False,,0,,0,13,0,13,0.4907,earthquake,,,0
5,-275.88,100,False,,0,,0,33,0,33,0.7966,wildfire,35.642,0.9683,1
6,-126.78,100,False,,0,,0,36,0,36,0.0,traffic_jam,36.7077,0.962,25
7,-146.74,100,False,,0,,0,22,0,22,0.2497,wildfire,19.7791,0.9557,25
8,-145.08,100,False,,0,,0,22,0,22,0.3022,earthquake,9.9123,0.9493,25
9,17.09,21,True,42.0,73,1.375,4,4,0,4,0.4591,cyclone,11.7818,0.9481,5
10,-249.6,100,False,,0,,0,23,0,23,0.7762,cyclone,12.7525,0.9417,25
11,-112.06,100,False,,0,,0,21,0,21,0.0,traffic_jam,9.5294,0.9354,25
12,-215.8,100,False,,0,,0,21,0,21,0.6752,wildfire,12.0899,0.9291,25
13,-1406.36,100,False,,0,,76,23,0,23,0.8361,tsunami,19.1523,0.9227,25
14,-99.0,100,False,,0,,0,26,0,26,0.0,traffic_jam,29.5829,0.9164,25
15,-149.53,100,False,,0,,0,15,0,15,0.2697,tsunami,30.5893,0.9101,25
16,-48.61,61,True,122.0,60,2.462,0,9,0,9,0.8249,cyclone,27.8326,0.9063,15
17,-1248.42,100,False,,0,,62,23,0,23,0.9961,cyclone,29.4835,0.8999,25
18,-152.34,100,False,,0,,0,15,0,15,0.4046,wildfire,33.979,0.8936,25
19,-104.29,100,False,,0,,0,23,0,23,0.0719,heavy_rain,33.4155,0.8873,25
20,-174.51,100,False,,0,,0,24,0,24,0.3395,tsunami,32.7991,0.8809,25
21,-265.86,100,False,,0,,0,22,0,22,0.9016,wildfire,27.9074,0.8746,25
22,-86.74,100,False,,0,,0,21,0,21,0.0681,landslide,27.7303,0.8683,25
23,-228.01,100,False,,0,,0,29,0,29,0.5522,wildfire,24.0288,0.8619,25
24,-48.59,54,True,108.0,28,2.667,0,4,0,4,0.8729,tsunami,27.3549,0.8584,14
25,-1315.43,100,True,200.0,60,4.3,78,24,0,24,0.8515,wildfire,24.9517,0.8521,25
26,-1160.28,100,False,,0,,66,9,0,9,0.4959,tsunami,40.3349,0.8457,25
27,-1273.55,100,False,,0,,69,16,0,16,0.7192,flood,57.5274,0.8394,25
28,-72.1,100,False,,0,,0,20,0,20,0.0,heavy_rain,66.6378,0.8331,25
29,40.53,100,True,200.0,45,2.688,0,17,0,17,0.0062,road_blockage,54.8805,0.8267,25
30,-107.19,100,False,,0,,0,24,0,24,0.0,traffic_jam,51.6364,0.8204,25
31,-21.59,84,True,168.0,40,4.091,0,11,0,11,0.437,wildfire,52.5851,0.8151,21
32,-165.81,100,False,,0,,0,28,0,28,0.3396,heavy_rain,52.1703,0.8087,25
33,-91.67,100,False,,0,,0,15,0,15,0.0,heavy_rain,47.0215,0.8024,25
34,-75.41,100,False,,0,,0,14,0,14,0.0,heavy_rain,47.854,0.7961,25
35,58.0,34,True,68.0,26,0.5,0,4,0,4,0.2521,landslide,48.2482,0.794,8
36,-82.21,100,False,,0,,0,10,0,10,0.0,traffic_jam,50.3984,0.7877,25
37,-151.18,100,False,,0,,2,19,0,19,0.2134,flood,45.4546,0.7814,25
38,-957.04,100,False,,0,,49,23,0,23,0.6747,tsunami,44.3436,0.775,25
39,0.76,99,True,198.0,52,2.875,0,20,0,20,0.082,heavy_rain,53.5404,0.7687,25
40,-163.88,100,False,,0,,1,30,0,30,0.2445,flood,44.0618,0.7624,25
41,-283.19,100,False,,0,,1,25,0,25,0.8196,cyclone,45.1352,0.756,25
42,-94.21,100,False,,0,,0,14,0,14,0.0,traffic_jam,43.6659,0.7497,25
43,-515.68,100,False,,0,,20,21,0,21,0.6498,tsunami,44.189,0.7434,25
44,-94.95,100,False,,0,,0,15,0,15,0.0,traffic_jam,44.3221,0.737,25
45,-1146.88,100,False,,0,,60,11,0,11,0.8994,tsunami,45.6053,0.7307,25
46,-149.9,100,False,,0,,0,29,0,29,0.2797,tsunami,48.6413,0.7244,25
47,-1272.78,100,False,,0,,74,12,0,12,0.4225,tsunami,46.6118,0.718,25
48,-78.34,100,False,,0,,0,20,0,20,0.0,landslide,62.1549,0.7117,25
49,-822.51,100,False,,0,,41,14,0,14,0.633,earthquake,66.8809,0.7054,25
50,-117.21,100,False,,0,,0,19,0,19,0.1095,heavy_rain,65.7642,0.699,25
51,-247.35,100,False,,0,,0,21,0,21,0.7628,earthquake,61.9143,0.6927,25
52,-142.68,100,False,,0,,0,23,0,23,0.2306,heavy_rain,64.1724,0.6864,25
53,-78.14,100,False,,0,,0,15,0,15,0.0185,road_blockage,60.1286,0.68,25
54,-77.04,100,False,,0,,0,17,0,17,0.0,road_blockage,55.2083,0.6737,25
55,-79.84,100,False,,0,,0,15,0,15,0.0,road_blockage,65.256,0.6674,25
56,-140.16,100,False,,0,,1,9,0,9,0.2882,earthquake,57.7071,0.661,25
57,-76.59,100,False,,0,,0,19,0,19,0.0059,landslide,52.8737,0.6547,25
58,-67.72,100,False,,0,,0,18,0,18,0.0258,road_blockage,53.9836,0.6484,25
59,-92.4,100,False,,0,,0,21,0,21,0.0023,traffic_jam,51.5623,0.642,25
60,90.94,19,True,38.0,47,0.889,0,0,0,0,0.173,landslide,54.5796,0.6408,5
61,-268.14,100,False,,0,,0,17,0,17,0.9181,cyclone,53.9872,0.6344,25
62,37.61,79,True,158.0,53,3.7,0,6,0,6,0.14,heavy_rain,58.3725,0.6296,19
63,-468.01,100,False,,0,,18,13,0,13,0.6174,wildfire,50.2724,0.6233,25
64,-90.73,100,False,,0,,0,15,0,15,0.1674,tsunami,50.9583,0.617,25
65,-66.02,100,False,,0,,0,12,0,12,0.0,traffic_jam,52.9498,0.6106,25
66,-84.7,100,False,,0,,0,18,0,18,0.0,road_blockage,50.8089,0.6043,25
67,-143.72,100,False,,0,,0,13,0,13,0.3669,tsunami,52.8802,0.598,25
68,-1046.98,100,False,,0,,52,17,0,17,0.9462,combined,54.0527,0.5916,25
69,-210.66,100,False,,0,,0,6,0,6,0.6976,cyclone,60.1087,0.5853,25
70,-167.01,100,False,,0,,0,11,0,11,0.5736,wildfire,64.2314,0.579,25
71,-112.72,100,False,,0,,0,12,0,12,0.2232,flood,68.3114,0.5726,25
72,-232.87,100,False,,0,,0,23,0,23,0.6641,wildfire,65.7864,0.5663,25
73,-133.49,100,False,,0,,0,12,0,12,0.337,tsunami,67.4459,0.56,25
74,-144.17,100,False,,0,,0,16,0,16,0.3196,wildfire,62.9465,0.5536,25
75,-209.75,100,False,,0,,0,16,0,16,0.5993,combined,69.1464,0.5473,25
76,-386.55,100,False,,0,,19,13,0,13,0.1179,road_blockage,64.2599,0.541,25
77,-61.17,100,False,,0,,0,11,0,11,0.0,landslide,58.5317,0.5346,25
78,-122.74,100,False,,0,,0,12,0,12,0.3265,wildfire,65.2338,0.5283,25
79,-121.54,100,False,,0,,0,11,0,11,0.3039,heavy_rain,56.9887,0.522,25
80,-98.16,100,False,,0,,0,12,0,12,0.1357,earthquake,64.0886,0.5156,25
81,-168.36,100,False,,0,,0,20,0,20,0.4171,combined,65.1964,0.5093,25
82,-178.71,100,False,,0,,0,10,0,10,0.5373,cyclone,55.2458,0.503,25
83,-351.44,100,False,,0,,11,10,0,10,0.6032,combined,61.5565,0.4966,25
84,-79.93,100,False,,0,,0,13,0,13,0.1386,flood,60.154,0.4903,25
85,-147.85,100,False,,0,,0,12,0,12,0.4137,flood,61.5035,0.484,25
86,-72.52,100,False,,0,,0,14,0,14,0.0246,heavy_rain,57.4186,0.4776,25
87,-50.5,100,False,,0,,0,10,0,10,0.0,traffic_jam,57.9492,0.4713,25
88,-58.99,100,False,,0,,0,7,0,7,0.0,traffic_jam,58.6752,0.465,25
89,-193.84,100,False,,0,,0,19,0,19,0.501,tsunami,63.6704,0.4586,25
90,-69.64,100,False,,0,,0,12,0,12,0.0293,heavy_rain,66.0067,0.4523,25
91,-631.25,100,False,,0,,32,9,0,9,0.3849,flood,63.2704,0.446,25
92,-189.89,100,False,,0,,0,16,0,16,0.5196,earthquake,66.0773,0.4396,25
93,-88.19,100,False,,0,,0,13,0,13,0.0721,flood,66.5138,0.4333,25
94,-229.21,100,False,,0,,0,24,0,24,0.6697,tsunami,60.9588,0.427,25
95,-338.39,100,False,,0,,9,12,0,12,0.5989,cyclone,63.561,0.4206,25
96,-54.37,100,False,,0,,0,10,0,10,0.0199,road_blockage,65.4589,0.4143,25
97,-111.8,100,False,,0,,0,8,0,8,0.2746,heavy_rain,64.723,0.408,25
98,-231.24,100,False,,0,,6,15,0,15,0.4303,tsunami,66.0737,0.4016,25
99,-128.0,100,False,,0,,0,3,0,3,0.3755,earthquake,69.5539,0.3953,25
100,-159.8,100,False,,0,,0,12,0,12,0.5052,cyclone,66.3404,0.389,25
101,-1356.04,100,False,,0,,74,10,0,10,0.7861,tsunami,71.27,0.3826,25
102,-159.76,100,False,,0,,0,7,0,7,0.5664,earthquake,68.3666,0.3763,25
103,-52.89,100,False,,0,,0,7,0,7,0.0,traffic_jam,61.9808,0.37,25
104,-118.05,100,False,,0,,0,17,0,17,0.2424,earthquake,69.6456,0.3636,25
105,-449.48,100,False,,0,,16,5,0,5,0.8097,cyclone,64.5143,0.3573,25
106,-58.27,100,False,,0,,0,12,0,12,0.0,traffic_jam,60.6859,0.351,25
107,-73.81,100,False,,0,,0,16,0,16,0.0251,traffic_jam,68.3524,0.3446,25
108,-888.02,100,False,,0,,49,8,0,8,0.4559,tsunami,64.8887,0.3383,25
109,-43.29,100,False,,0,,0,5,0,5,0.0,road_blockage,71.302,0.332,25
110,-824.59,100,False,,0,,47,6,0,6,0.3579,flood,72.5558,0.3256,25
111,-59.65,100,False,,0,,0,12,0,12,0.0002,flood,75.5086,0.3193,25
112,-197.0,100,False,,0,,0,12,0,12,0.6073,tsunami,73.014,0.313,25
113,-88.63,100,False,,0,,0,9,0,9,0.192,tsunami,70.2192,0.3066,25
114,-202.25,100,False,,0,,0,11,0,11,0.6362,tsunami,72.5844,0.3003,25
115,-29.96,100,False,,0,,0,6,0,6,0.0057,road_blockage,69.1693,0.294,25
116,-110.13,100,False,,0,,0,10,0,10,0.23,tsunami,74.7102,0.2876,25
117,-196.78,100,False,,0,,0,0,0,0,0.813,wildfire,67.863,0.2813,25
118,-42.69,100,False,,0,,0,6,0,6,0.0,traffic_jam,71.7384,0.275,25
119,-128.03,100,False,,0,,0,8,0,8,0.4286,wildfire,67.0085,0.2686,25
120,-35.29,100,False,,0,,0,5,0,5,0.0,road_blockage,72.5964,0.2623,25
121,-38.68,100,False,,0,,0,7,0,7,0.0,road_blockage,71.3481,0.256,25
122,-836.19,100,False,,0,,47,6,0,6,0.4641,wildfire,69.9726,0.2496,25
123,-42.06,100,False,,0,,0,9,0,9,0.0186,flood,68.3246,0.2433,25
124,-49.63,100,False,,0,,0,6,0,6,0.0033,landslide,68.7689,0.237,25
125,-116.05,100,False,,0,,0,7,0,7,0.3631,combined,72.2715,0.2306,25
126,-35.52,100,False,,0,,0,3,0,3,0.0304,traffic_jam,66.5427,0.2243,25
127,-33.85,100,False,,0,,0,3,0,3,0.0214,landslide,68.6978,0.218,25
128,-127.48,100,False,,0,,0,3,0,3,0.4544,cyclone,73.266,0.2116,25
129,-142.9,100,False,,0,,0,8,0,8,0.4168,cyclone,70.4807,0.2053,25
130,-21.3,100,False,,0,,0,2,0,2,0.0008,landslide,75.501,0.199,25
131,-29.19,100,False,,0,,0,1,0,1,0.0255,road_blockage,70.7572,0.1926,25
132,-221.2,100,False,,0,,0,2,0,2,0.7262,combined,78.1427,0.1863,25
133,-99.29,100,False,,0,,0,5,0,5,0.24,tsunami,77.1414,0.18,25
134,-49.52,100,False,,0,,0,2,0,2,0.0,landslide,72.8848,0.1736,25
135,-29.99,100,False,,0,,0,3,0,3,0.0234,landslide,75.3489,0.1673,25
136,-452.35,100,False,,0,,20,3,0,3,0.4006,tsunami,75.0992,0.161,25
137,-259.63,100,False,,0,,8,0,0,0,0.5194,wildfire,74.7917,0.1546,25
138,-138.67,100,False,,0,,0,3,0,3,0.4152,flood,74.7459,0.1483,25
139,-26.74,100,False,,0,,0,3,0,3,0.0,heavy_rain,80.5058,0.142,25
140,-23.81,100,False,,0,,0,2,0,2,0.0,landslide,78.0637,0.1356,25
141,-55.29,100,False,,0,,0,5,0,5,0.0922,earthquake,77.4818,0.1293,25
142,-122.81,100,False,,0,,0,1,0,1,0.2866,tsunami,73.6784,0.123,25
143,-106.7,100,False,,0,,0,1,0,1,0.3973,combined,72.3525,0.1166,25
144,-81.26,100,False,,0,,0,2,0,2,0.2883,earthquake,78.0422,0.1103,25
145,-66.36,100,False,,0,,0,3,0,3,0.0,traffic_jam,78.1698,0.104,25
146,-32.72,100,False,,0,,0,0,0,0,0.0278,tsunami,70.7837,0.0976,25
147,-115.19,100,False,,0,,0,0,0,0,0.3248,combined,73.534,0.0913,25
148,-55.09,100,False,,0,,0,3,0,3,0.1145,wildfire,71.6795,0.085,25
149,-200.01,100,False,,0,,0,0,0,0,0.6353,cyclone,76.2334,0.0786,25
150,-17.88,100,False,,0,,0,0,0,0,0.0,traffic_jam,84.093,0.0723,25
151,-174.84,100,False,,0,,0,4,0,4,0.466,tsunami,79.9224,0.066,25
152,-301.45,100,False,,0,,13,1,0,1,0.3112,flood,80.0833,0.0596,25
153,-119.49,100,False,,0,,0,1,0,1,0.3108,earthquake,80.3978,0.0533,25
154,-191.28,100,False,,0,,0,0,0,0,0.5884,combined,78.4115,0.05,25
155,-90.91,100,False,,0,,0,0,0,0,0.2501,cyclone,81.3994,0.05,25
156,-25.04,100,False,,0,,0,0,0,0,0.0211,heavy_rain,78.7064,0.05,25
157,-13.34,100,False,,0,,0,0,0,0,0.0,landslide,86.7904,0.05,25
158,-166.03,100,False,,0,,0,1,0,1,0.6665,cyclone,79.6607,0.05,25
159,-43.8,100,False,,0,,0,1,0,1,0.0881,earthquake,83.1257,0.05,25
160,-253.87,100,False,,0,,0,0,0,0,0.8458,cyclone,81.8701,0.05,25
161,-208.31,100,False,,0,,7,0,0,0,0.3209,combined,80.942,0.05,25
162,-21.76,100,False,,0,,0,0,0,0,0.0,heavy_rain,83.5623,0.05,25
163,-36.37,100,False,,0,,0,0,0,0,0.0808,flood,82.1688,0.05,25
164,-120.13,100,False,,0,,0,0,0,0,0.4759,wildfire,79.2419,0.05,25
165,-45.94,100,False,,0,,0,0,0,0,0.121,wildfire,78.5029,0.05,25
166,-27.42,100,False,,0,,0,0,0,0,0.0535,earthquake,79.5158,0.05,25
167,-22.36,100,False,,0,,0,2,0,2,0.0,road_blockage,77.465,0.05,25
168,-163.3,100,False,,0,,0,0,0,0,0.5177,earthquake,76.2007,0.05,25
169,-21.17,100,False,,0,,0,0,0,0,0.0117,heavy_rain,78.9164,0.05,25
170,-31.42,100,False,,0,,0,3,0,3,0.0309,heavy_rain,86.9625,0.05,25
171,-20.56,100,False,,0,,0,0,0,0,0.0,traffic_jam,80.4622,0.05,25
172,-16.85,100,False,,0,,0,0,0,0,0.0,road_blockage,79.9902,0.05,25
173,-119.09,100,False,,0,,0,1,0,1,0.4022,flood,81.4613,0.05,25
174,-22.95,100,False,,0,,0,0,0,0,0.0,traffic_jam,85.6612,0.05,25
175,-595.77,100,False,,0,,28,2,0,2,0.5609,tsunami,85.7558,0.05,25
176,-136.18,100,False,,0,,0,1,0,1,0.4533,tsunami,84.4993,0.05,25
177,-51.88,100,False,,0,,0,0,0,0,0.1454,heavy_rain,83.7677,0.05,25
178,-57.91,100,False,,0,,0,1,0,1,0.1549,earthquake,85.8743,0.05,25
179,-270.87,100,False,,0,,0,58,0,58,0.5787,cyclone,79.382,0.05,25
180,-25.46,100,False,,0,,0,1,0,1,0.0,traffic_jam,81.8719,0.05,25
181,-164.34,100,False,,0,,0,12,0,12,0.5069,earthquake,82.5376,0.05,25
182,-25.82,100,False,,0,,0,0,0,0,0.0,heavy_rain,87.7698,0.05,25
183,-21.14,100,False,,0,,0,2,0,2,0.0,road_blockage,86.7124,0.05,25
184,-122.03,100,False,,0,,0,0,0,0,0.5085,wildfire,83.2895,0.05,25
185,-22.92,100,False,,0,,0,0,0,0,0.0,traffic_jam,83.4228,0.05,25
186,-88.61,100,False,,0,,0,2,0,2,0.2696,tsunami,87.06,0.05,25
187,-1207.62,100,False,,0,,67,7,0,7,0.6276,tsunami,79.6834,0.05,25
188,-114.46,100,False,,0,,0,1,0,1,0.3626,heavy_rain,79.25,0.05,25
189,-107.79,100,False,,0,,0,32,0,32,0.1118,landslide,89.7543,0.05,25
190,-37.96,100,False,,0,,0,1,0,1,0.0088,heavy_rain,84.6389,0.05,25
191,-29.65,100,False,,0,,0,0,0,0,0.0345,heavy_rain,90.4782,0.05,25
192,-210.14,100,False,,0,,0,0,0,0,0.7174,tsunami,89.9563,0.05,25
193,-804.95,100,False,,0,,46,0,0,0,0.3579,tsunami,95.0691,0.05,25
194,-111.22,100,False,,0,,0,0,0,0,0.3328,cyclone,88.332,0.05,25
195,-27.33,100,False,,0,,0,0,0,0,0.0511,landslide,87.4879,0.05,25
196,-23.2,100,False,,0,,0,0,0,0,0.0,landslide,89.1279,0.05,25
197,-107.78,100,False,,0,,0,0,0,0,0.4164,cyclone,88.188,0.05,25
198,-143.2,100,False,,0,,0,21,0,21,0.3816,cyclone,93.5867,0.05,25
199,-155.84,100,False,,0,,0,13,0,13,0.504,combined,90.5186,0.05,25
200,-235.15,100,False,,0,,0,3,0,3,0.7932,tsunami,89.4721,0.05,25
201,-838.88,100,False,,0,,45,24,0,24,0.4512,cyclone,85.3372,0.05,25
202,-169.5,100,False,,0,,0,17,0,17,0.4627,combined,94.9571,0.05,25
203,-57.13,100,False,,0,,0,0,0,0,0.1612,flood,92.7229,0.05,25
204,-423.97,100,False,,0,,19,2,0,2,0.4511,wildfire,89.5122,0.05,25
205,-195.74,100,False,,0,,0,0,0,0,0.5086,tsunami,93.9926,0.05,25
206,-21.76,100,False,,0,,0,2,0,2,0.0002,traffic_jam,90.2133,0.05,25
207,-196.5,100,False,,0,,0,3,0,3,0.6509,tsunami,99.0929,0.05,25
208,-22.79,100,False,,0,,0,0,0,0,0.0,road_blockage,95.2639,0.05,25
209,-25.5,100,False,,0,,0,0,0,0,0.0,heavy_rain,89.2958,0.05,25
210,-521.52,100,False,,0,,20,0,0,0,0.713,cyclone,98.5144,0.05,25
211,-16.09,100,False,,0,,0,1,0,1,0.0,traffic_jam,102.0862,0.05,25
212,-708.03,100,False,,0,,28,60,0,60,0.6902,cyclone,99.2715,0.05,25
213,-29.07,100,False,,0,,0,0,0,0,0.0271,flood,98.7455,0.05,25
214,-493.82,100,False,,0,,28,0,0,0,0.2567,cyclone,94.9427,0.05,25
215,-866.43,100,False,,0,,50,0,0,0,0.3471,tsunami,98.5014,0.05,25
216,-113.67,100,False,,0,,0,1,0,1,0.3771,earthquake,106.7189,0.05,25
217,-26.02,100,False,,0,,0,0,0,0,0.0018,traffic_jam,98.1492,0.05,25
218,-25.23,100,False,,0,,0,1,0,1,0.0187,landslide,96.6052,0.05,25
219,-10.57,100,False,,0,,0,0,0,0,0.0,road_blockage,96.2231,0.05,25
220,-23.32,100,False,,0,,0,0,0,0,0.0,traffic_jam,97.736,0.05,25
221,-29.59,100,False,,0,,0,0,0,0,0.0,heavy_rain,101.514,0.05,25
222,-97.36,100,False,,0,,0,0,0,0,0.4109,tsunami,97.5531,0.05,25
223,-62.75,100,False,,0,,0,0,0,0,0.135,combined,93.3177,0.05,25
224,-115.94,100,False,,0,,0,0,0,0,0.3449,cyclone,90.1871,0.05,25
225,-133.91,100,False,,0,,0,1,0,1,0.403,earthquake,94.3682,0.05,25
226,-199.59,100,False,,0,,0,0,0,0,0.6773,wildfire,94.4731,0.05,25
227,-12.28,100,False,,0,,0,0,0,0,0.0,earthquake,95.5845,0.05,25
228,-29.99,100,False,,0,,0,1,0,1,0.0016,landslide,95.4447,0.05,25
229,-20.86,100,False,,0,,0,2,0,2,0.0059,flood,97.2589,0.05,25
230,-135.91,100,False,,0,,0,4,0,4,0.3442,flood,105.5517,0.05,25
231,-15.77,100,False,,0,,0,0,0,0,0.0,road_blockage,104.0357,0.05,25
232,-78.52,100,False,,0,,0,3,0,3,0.2011,flood,106.0486,0.05,25
233,-104.54,100,False,,0,,0,1,0,1,0.271,flood,104.037,0.05,25
234,-49.07,100,False,,0,,0,0,0,0,0.1106,tsunami,99.1524,0.05,25
235,-727.63,100,False,,0,,38,0,0,0,0.5329,wildfire,97.3397,0.05,25
236,-55.78,100,False,,0,,0,0,0,0,0.1188,flood,98.1321,0.05,25
237,-88.7,100,False,,0,,0,0,0,0,0.2024,tsunami,100.6785,0.05,25
238,-219.33,100,False,,0,,0,0,0,0,0.7123,cyclone,106.5607,0.05,25
239,-162.8,100,False,,0,,0,0,0,0,0.5263,cyclone,108.2471,0.05,25
240,-21.37,100,False,,0,,0,0,0,0,0.0,traffic_jam,102.9447,0.05,25
241,-19.78,100,False,,0,,0,0,0,0,0.0,traffic_jam,102.1857,0.05,25
242,-89.75,100,False,,0,,0,1,0,1,0.2922,flood,98.1786,0.05,25
243,-84.42,100,False,,0,,0,2,0,2,0.226,combined,99.907,0.05,25
244,-154.88,100,False,,0,,0,0,0,0,0.5912,wildfire,99.5282,0.05,25
245,-33.49,100,False,,0,,0,0,0,0,0.0305,flood,95.6565,0.05,25
246,-171.13,100,False,,0,,0,0,0,0,0.5953,combined,99.5807,0.05,25
247,-186.86,100,False,,0,,0,0,0,0,0.6268,cyclone,99.7511,0.05,25
248,-154.56,100,False,,0,,0,0,0,0,0.4219,earthquake,101.1398,0.05,25
249,-429.16,100,False,,0,,20,0,0,0,0.4318,earthquake,104.6628,0.05,25
250,-121.33,100,False,,0,,0,0,0,0,0.337,tsunami,109.868,0.05,25
251,-139.19,100,False,,0,,0,0,0,0,0.4162,earthquake,107.5009,0.05,25
252,-219.92,100,False,,0,,0,0,0,0,0.7685,tsunami,106.6679,0.05,25
253,-123.52,100,False,,0,,0,0,0,0,0.3887,earthquake,109.6083,0.05,25
254,-77.31,100,False,,0,,0,0,0,0,0.2449,cyclone,102.6903,0.05,25
255,-121.75,100,False,,0,,0,1,0,1,0.419,combined,101.3031,0.05,25
256,-21.57,100,False,,0,,0,0,0,0,0.0,traffic_jam,109.4117,0.05,25
257,-60.09,100,False,,0,,0,0,0,0,0.1357,earthquake,113.6028,0.05,25
258,-681.76,100,False,,0,,37,0,0,0,0.487,wildfire,107.2163,0.05,25
259,-262.1,100,False,,0,,0,0,0,0,0.946,tsunami,111.9714,0.05,25
260,-226.31,100,False,,0,,0,2,0,2,0.8313,tsunami,107.0088,0.05,25
261,-167.35,100,False,,0,,0,1,0,1,0.5766,tsunami,104.4341,0.05,25
262,-105.96,100,False,,0,,0,0,0,0,0.345,wildfire,109.8291,0.05,25
263,-61.47,100,False,,0,,0,0,0,0,0.1891,earthquake,105.0613,0.05,25
264,-895.92,100,False,,0,,48,0,0,0,0.669,earthquake,103.8853,0.05,25
265,-24.4,100,False,,0,,0,0,0,0,0.0,road_blockage,106.1688,0.05,25
266,-201.16,100,False,,0,,0,0,0,0,0.6931,cyclone,113.1784,0.05,25
267,-31.92,100,False,,0,,0,0,0,0,0.012,landslide,106.7975,0.05,25
268,-19.47,100,False,,0,,0,0,0,0,0.0,traffic_jam,106.8186,0.05,25
269,-19.76,100,False,,0,,0,0,0,0,0.0,road_blockage,122.0163,0.05,25
270,-20.15,100,False,,0,,0,0,0,0,0.0,landslide,114.1298,0.05,25
271,-22.61,100,False,,0,,0,0,0,0,0.0,landslide,112.5844,0.05,25
272,-82.07,100,False,,0,,0,0,0,0,0.2873,combined,116.0017,0.05,25
273,-44.75,100,False,,0,,0,0,0,0,0.1656,earthquake,113.573,0.05,25
274,-201.28,100,False,,0,,0,1,0,1,0.5682,flood,113.2641,0.05,25
275,-593.9,100,False,,0,,33,0,0,0,0.3184,wildfire,114.5819,0.05,25
276,-64.69,100,False,,0,,0,0,0,0,0.1284,landslide,119.8938,0.05,25
277,-164.11,100,False,,0,,0,0,0,0,0.491,wildfire,109.386,0.05,25
278,-27.07,100,False,,0,,0,3,0,3,0.0,road_blockage,108.1026,0.05,25
279,-18.71,100,False,,0,,0,0,0,0,0.0,traffic_jam,107.2908,0.05,25
280,-26.61,100,False,,0,,0,0,0,0,0.0046,flood,105.9015,0.05,25
281,-98.18,100,False,,0,,0,0,0,0,0.2962,combined,104.4726,0.05,25
282,-29.97,100,False,,0,,0,2,0,2,0.0,road_blockage,112.9083,0.05,25
283,-240.02,100,False,,0,,8,2,0,2,0.4427,cyclone,109.0621,0.05,25
284,-180.28,100,False,,0,,6,0,0,0,0.183,tsunami,111.521,0.05,25
285,-140.33,100,False,,0,,0,0,0,0,0.5379,earthquake,107.7387,0.05,25
286,-31.57,100,False,,0,,0,1,0,1,0.0237,flood,109.1604,0.05,25
287,-24.79,100,False,,0,,0,1,0,1,0.0,road_blockage,109.93,0.05,25
288,-60.85,100,False,,0,,2,0,0,0,0.0292,earthquake,117.8077,0.05,25
289,-18.07,100,False,,0,,0,1,0,1,0.0149,landslide,118.3621,0.05,25
290,-128.53,100,False,,0,,0,0,0,0,0.3956,combined,122.319,0.05,25
291,-49.94,100,False,,0,,0,0,0,0,0.1064,landslide,123.6103,0.05,25
292,-23.58,100,False,,0,,0,0,0,0,0.0,heavy_rain,116.3837,0.05,25
293,-143.48,100,False,,0,,0,1,0,1,0.4931,combined,116.5178,0.05,25
294,-66.85,100,False,,0,,0,0,0,0,0.1752,cyclone,109.9097,0.05,25
295,-21.31,100,False,,0,,0,0,0,0,0.0,landslide,110.1304,0.05,25
296,-15.8,100,False,,0,,0,0,0,0,0.0,landslide,114.2017,0.05,25
297,-59.9,100,False,,0,,0,0,0,0,0.1682,earthquake,116.3921,0.05,25
298,-650.74,100,False,,0,,35,0,0,0,0.4196,wildfire,114.5239,0.05,25
299,-110.64,100,False,,0,,0,0,0,0,0.3379,earthquake,118.3327,0.05,25
300,-18.73,100,False,,0,,0,0,0,0,0.0,heavy_rain,109.6034,0.05,25
301,-20.93,100,False,,0,,0,0,0,0,0.0,heavy_rain,112.9702,0.05,25
302,-72.4,100,False,,0,,0,0,0,0,0.2488,flood,121.5965,0.05,25
303,-18.84,100,False,,0,,0,2,0,2,0.0,road_blockage,113.1829,0.05,25
304,-76.3,100,False,,0,,0,0,0,0,0.1616,landslide,119.3314,0.05,25
305,-104.88,100,False,,0,,0,0,0,0,0.3593,earthquake,116.4542,0.05,25
306,-29.74,100,False,,0,,0,0,0,0,0.0101,flood,112.6444,0.05,25
307,-215.1,100,False,,0,,0,0,0,0,0.6305,cyclone,113.6637,0.05,25
308,-125.11,100,False,,0,,0,1,0,1,0.422,combined,109.9276,0.05,25
309,-18.89,100,False,,0,,0,0,0,0,0.0,traffic_jam,111.5848,0.05,25
310,-151.47,100,False,,0,,0,0,0,0,0.4535,cyclone,111.5527,0.05,25
311,-27.9,100,False,,0,,0,0,0,0,0.0,traffic_jam,113.7443,0.05,25
312,-16.73,100,False,,0,,0,0,0,0,0.0,traffic_jam,118.3171,0.05,25
313,-10.1,100,False,,0,,0,0,0,0,0.0,traffic_jam,114.0493,0.05,25
314,-95.44,100,False,,0,,0,0,0,0,0.3106,combined,118.3586,0.05,25
315,-73.03,100,False,,0,,0,0,0,0,0.2281,cyclone,113.1548,0.05,25
316,-24.01,100,False,,0,,0,0,0,0,0.0,traffic_jam,112.5088,0.05,25
317,-10.86,100,False,,0,,0,0,0,0,0.0,road_blockage,122.2901,0.05,25
318,-408.37,100,False,,0,,14,2,0,2,0.7075,combined,120.8806,0.05,25
319,-446.13,100,False,,0,,21,0,0,0,0.4825,wildfire,118.0384,0.05,25
320,-27.17,100,False,,0,,0,0,0,0,0.0,road_blockage,113.0379,0.05,25
321,-16.63,100,False,,0,,0,0,0,0,0.0,landslide,116.4635,0.05,25
322,-41.41,100,False,,0,,0,0,0,0,0.0939,flood,112.8055,0.05,25
323,-25.04,100,False,,0,,0,0,0,0,0.0256,landslide,114.3506,0.05,25
324,-51.96,100,False,,0,,0,2,0,2,0.0657,combined,117.2559,0.05,25
325,-101.7,100,False,,0,,0,2,0,2,0.361,wildfire,117.2224,0.05,25
326,-18.16,100,False,,0,,0,0,0,0,0.0,heavy_rain,111.8318,0.05,25
327,-111.78,100,False,,0,,0,0,0,0,0.3645,tsunami,113.8508,0.05,25
328,-184.09,100,False,,0,,0,0,0,0,0.5843,cyclone,115.0978,0.05,25
329,-92.69,100,False,,0,,0,0,0,0,0.2982,tsunami,116.8,0.05,25
330,-73.11,100,False,,0,,0,0,0,0,0.2227,tsunami,116.8195,0.05,25
331,-87.17,100,False,,0,,0,11,0,11,0.2489,combined,115.7274,0.05,25
332,-15.91,100,False,,0,,0,0,0,0,0.0,road_blockage,124.5935,0.05,25
333,-77.32,100,False,,0,,0,0,0,0,0.21,tsunami,122.1095,0.05,25
334,-21.29,100,False,,0,,0,1,0,1,0.0,heavy_rain,119.8033,0.05,25
335,-52.1,100,False,,0,,0,0,0,0,0.104,heavy_rain,122.7372,0.05,25
336,-18.98,100,False,,0,,0,0,0,0,0.0,traffic_jam,110.7804,0.05,25
337,-24.56,100,False,,0,,0,1,0,1,0.0191,landslide,119.5467,0.05,25
338,-166.51,100,False,,0,,0,3,0,3,0.5506,combined,116.1721,0.05,25
339,-269.98,100,False,,0,,10,0,0,0,0.4711,combined,118.5886,0.05,25
340,-1346.94,100,False,,0,,79,0,0,0,0.4032,flood,114.9129,0.05,25
341,-75.8,100,False,,0,,2,0,0,0,0.0977,flood,118.6368,0.05,25
342,-30.0,100,False,,0,,0,0,0,0,0.0301,flood,117.3587,0.05,25
343,-234.74,100,False,,0,,0,1,0,1,0.7766,cyclone,116.3449,0.05,25
344,-42.56,100,False,,0,,0,2,0,2,0.0897,landslide,117.5588,0.05,25
345,-753.5,100,False,,0,,35,3,0,3,0.7527,wildfire,123.9837,0.05,25
346,-18.86,100,False,,0,,0,1,0,1,0.0,traffic_jam,115.6632,0.05,25
347,-14.85,100,False,,0,,0,0,0,0,0.0,road_blockage,124.2549,0.05,25
348,-25.57,100,False,,0,,0,0,0,0,0.0,traffic_jam,120.7969,0.05,25
349,-12.98,100,False,,0,,0,0,0,0,0.0,traffic_jam,122.5436,0.05,25
350,-107.65,100,False,,0,,0,0,0,0,0.3348,cyclone,129.8261,0.05,25
351,-50.8,100,False,,0,,0,0,0,0,0.12,earthquake,124.8122,0.05,25
352,-23.3,100,False,,0,,0,1,0,1,0.0146,road_blockage,123.4383,0.05,25
353,-25.23,100,False,,0,,0,0,0,0,0.0,traffic_jam,124.2631,0.05,25
354,-28.93,100,False,,0,,0,0,0,0,0.0,landslide,123.1384,0.05,25
355,-129.97,100,False,,0,,0,0,0,0,0.3714,tsunami,126.2425,0.05,25
356,-15.8,100,False,,0,,0,0,0,0,0.0,traffic_jam,123.7594,0.05,25
357,-9.4,100,False,,0,,0,1,0,1,0.0001,landslide,129.3306,0.05,25
358,-20.98,100,False,,0,,0,0,0,0,0.0,traffic_jam,127.1109,0.05,25
359,-24.12,100,False,,0,,0,0,0,0,0.0,traffic_jam,126.1999,0.05,25
360,-21.17,100,False,,0,,0,0,0,0,0.0,landslide,130.5625,0.05,25
361,-964.83,100,False,,0,,55,0,0,0,0.5022,combined,127.1759,0.05,25
362,-80.44,100,False,,0,,0,0,0,0,0.1305,tsunami,129.0827,0.05,25
363,-156.14,100,False,,0,,0,0,0,0,0.5223,cyclone,126.8702,0.05,25
364,-19.68,100,False,,0,,0,0,0,0,0.0,road_blockage,129.883,0.05,25
365,-19.02,100,False,,0,,0,0,0,0,0.0,traffic_jam,123.7787,0.05,25
366,-21.82,100,False,,0,,0,0,0,0,0.0,landslide,123.6097,0.05,25
367,-47.39,100,False,,0,,0,0,0,0,0.0786,flood,116.6589,0.05,25
368,-24.77,100,False,,0,,0,0,0,0,0.0024,landslide,126.6377,0.05,25
369,-26.0,100,False,,0,,0,0,0,0,0.0,heavy_rain,128.8298,0.05,25
370,-134.97,100,False,,0,,0,0,0,0,0.5049,wildfire,121.2995,0.05,25
371,-86.06,100,False,,0,,0,0,0,0,0.2696,wildfire,127.7858,0.05,25
372,-195.41,100,False,,0,,0,40,0,40,0.4475,earthquake,120.6227,0.05,25
373,-487.24,100,False,,0,,25,0,0,0,0.4269,wildfire,123.4246,0.05,25
374,-27.86,100,False,,0,,0,0,0,0,0.0,road_blockage,125.3273,0.05,25
375,-1109.76,100,False,,0,,64,0,0,0,0.577,wildfire,125.9281,0.05,25
376,-121.07,100,False,,0,,0,16,0,16,0.3365,earthquake,132.7474,0.05,25
377,-96.94,100,False,,0,,0,0,0,0,0.3009,tsunami,125.9225,0.05,25
378,-167.83,100,False,,0,,3,0,0,0,0.5303,tsunami,125.3788,0.05,25
379,-30.99,100,False,,0,,0,2,0,2,0.0227,heavy_rain,129.5398,0.05,25
380,-191.95,100,False,,0,,0,0,0,0,0.5334,tsunami,124.606,0.05,25
381,-71.3,100,False,,0,,0,0,0,0,0.2227,earthquake,132.582,0.05,25
382,-40.74,100,False,,0,,0,0,0,0,0.1121,flood,127.6091,0.05,25
383,-102.28,100,False,,0,,0,0,0,0,0.3639,combined,124.6563,0.05,25
384,-104.88,100,False,,0,,0,1,0,1,0.3708,earthquake,122.2474,0.05,25
385,-24.5,100,False,,0,,0,0,0,0,0.0,road_blockage,140.5558,0.05,25
386,-199.21,100,False,,0,,0,1,0,1,0.7832,tsunami,121.2185,0.05,25
387,-18.58,100,False,,0,,0,0,0,0,0.0,heavy_rain,133.6742,0.05,25
388,-27.96,100,False,,0,,0,5,0,5,0.0,road_blockage,118.6386,0.05,25
389,-47.43,100,False,,0,,0,0,0,0,0.0945,cyclone,136.502,0.05,25
390,-999.96,100,False,,0,,56,0,0,0,0.6082,wildfire,133.282,0.05,25
391,-26.3,100,False,,0,,0,0,0,0,0.0,road_blockage,127.0092,0.05,25
392,-1111.03,100,False,,0,,60,0,0,0,0.7934,wildfire,129.6503,0.05,25
393,-711.77,100,False,,0,,40,0,0,0,0.4455,combined,137.2598,0.05,25
394,-26.78,100,False,,0,,0,0,0,0,0.0206,traffic_jam,133.314,0.05,25
395,-25.94,100,False,,0,,0,0,0,0,0.0348,landslide,131.9319,0.05,25
396,-103.89,100,False,,0,,0,1,0,1,0.363,combined,131.0593,0.05,25
397,-192.65,100,False,,0,,0,0,0,0,0.6572,cyclone,129.3813,0.05,25
398,-215.46,100,False,,0,,0,0,0,0,0.7835,combined,130.9922,0.05,25
399,-88.32,100,False,,0,,0,0,0,0,0.2463,cyclone,134.6415,0.05,25
400,-25.61,100,False,,0,,0,2,0,2,0.0,landslide,135.1224,0.05,25
401,-44.35,100,False,,0,,0,0,0,0,0.0934,flood,133.1718,0.05,25
402,-115.68,100,False,,0,,0,0,0,0,0.3448,wildfire,132.7767,0.05,25
403,-68.93,100,False,,0,,0,1,0,1,0.2097,earthquake,133.4306,0.05,25
404,-27.32,100,False,,0,,0,0,0,0,0.0205,flood,133.6982,0.05,25
405,-23.72,100,False,,0,,0,0,0,0,0.0174,earthquake,131.5402,0.05,25
406,-171.49,100,False,,0,,0,0,0,0,0.4569,tsunami,143.3324,0.05,25
407,-151.66,100,False,,0,,0,2,0,2,0.6002,wildfire,131.8965,0.05,25
408,-113.71,100,False,,0,,0,0,0,0,0.3858,cyclone,134.3796,0.05,25
409,-53.41,100,False,,0,,0,1,0,1,0.1996,tsunami,135.7952,0.05,25
410,-75.92,100,False,,0,,0,0,0,0,0.1957,earthquake,134.1744,0.05,25
411,-18.02,100,False,,0,,0,0,0,0,0.0,landslide,139.8329,0.05,25
412,-32.78,100,False,,0,,0,1,0,1,0.0,road_blockage,145.019,0.05,25
413,-774.36,100,False,,0,,41,2,0,2,0.5818,flood,134.0872,0.05,25
414,-17.07,100,False,,0,,0,0,0,0,0.0,landslide,132.0903,0.05,25
415,-180.18,100,False,,0,,0,1,0,1,0.5781,cyclone,131.4724,0.05,25
416,-465.07,100,False,,0,,22,1,0,1,0.5154,wildfire,145.3219,0.05,25
417,-186.14,100,False,,0,,0,0,0,0,0.6464,tsunami,141.3121,0.05,25
418,-41.28,100,False,,0,,0,1,0,1,0.0782,heavy_rain,140.9876,0.05,25
419,-155.41,100,False,,0,,0,0,0,0,0.5038,combined,144.5895,0.05,25
420,-56.4,100,False,,0,,0,3,0,3,0.1295,earthquake,150.1819,0.05,25
421,-322.16,100,False,,0,,14,0,0,0,0.3685,earthquake,139.8979,0.05,25
422,-72.1,100,False,,0,,0,0,0,0,0.2225,combined,140.9742,0.05,25
423,-51.7,100,False,,0,,0,1,0,1,0.1843,flood,134.3286,0.05,25
424,-12.82,100,False,,0,,0,0,0,0,0.0,road_blockage,147.7498,0.05,25
425,-184.0,100,False,,0,,0,13,0,13,0.5801,earthquake,150.2692,0.05,25
426,-22.06,100,False,,0,,0,1,0,1,0.0041,road_blockage,141.634,0.05,25
427,-960.64,100,False,,0,,49,0,0,0,0.7609,cyclone,136.7056,0.05,25
428,-1107.94,100,False,,0,,65,1,0,1,0.3893,wildfire,134.5108,0.05,25
429,-34.39,100,False,,0,,0,6,0,6,0.005,traffic_jam,130.1678,0.05,25
430,-9.43,100,False,,0,,0,0,0,0,0.0,landslide,135.8748,0.05,25
431,-155.21,100,False,,0,,0,1,0,1,0.5212,tsunami,146.8218,0.05,25
432,-18.5,100,False,,0,,0,0,0,0,0.0,traffic_jam,138.8552,0.05,25
433,-112.33,100,False,,0,,0,3,0,3,0.4199,combined,133.5688,0.05,25
434,-24.34,100,False,,0,,0,1,0,1,0.0,landslide,140.8753,0.05,25
435,-34.09,100,False,,0,,0,0,0,0,0.049,earthquake,142.0875,0.05,25
436,-18.84,100,False,,0,,0,0,0,0,0.0,traffic_jam,138.3412,0.05,25
437,-53.03,100,False,,0,,0,0,0,0,0.126,combined,142.0987,0.05,25
438,-32.84,100,False,,0,,0,0,0,0,0.0652,flood,147.8029,0.05,25
439,-30.96,100,False,,0,,0,0,0,0,0.075,landslide,133.2842,0.05,25
440,-38.38,100,False,,0,,0,0,0,0,0.0826,landslide,138.6038,0.05,25
441,-122.85,100,False,,0,,0,12,0,12,0.3921,combined,142.5484,0.05,25
442,-54.0,100,False,,0,,0,0,0,0,0.1887,heavy_rain,136.0305,0.05,25
443,-752.33,100,False,,0,,35,23,0,23,0.6645,combined,140.7857,0.05,25
444,-156.59,100,False,,0,,0,1,0,1,0.5678,cyclone,148.3416,0.05,25
445,-25.1,100,False,,0,,0,0,0,0,0.0023,landslide,144.6521,0.05,25
446,-820.98,100,False,,0,,41,7,0,7,0.69,combined,139.0114,0.05,25
447,-301.98,100,False,,0,,13,9,0,9,0.3506,combined,136.8399,0.05,25
448,-68.01,100,False,,0,,0,0,0,0,0.2494,tsunami,137.0691,0.05,25
449,-25.32,100,False,,0,,0,2,0,2,0.0,traffic_jam,135.3436,0.05,25
450,-82.51,100,False,,0,,0,0,0,0,0.2711,earthquake,133.5321,0.05,25
451,-151.98,100,False,,0,,0,0,0,0,0.541,cyclone,134.9746,0.05,25
452,-30.93,100,False,,0,,0,3,0,3,0.0,traffic_jam,145.2096,0.05,25
453,-18.95,100,False,,0,,0,0,0,0,0.0,heavy_rain,137.6132,0.05,25
454,-75.22,100,False,,0,,0,2,0,2,0.224,landslide,139.7072,0.05,25
455,-67.39,100,False,,0,,1,0,0,0,0.1054,heavy_rain,144.5577,0.05,25
456,-585.59,100,False,,0,,35,0,0,0,0.1784,wildfire,139.6048,0.05,25
457,-55.83,100,False,,0,,0,1,0,1,0.0735,heavy_rain,145.1222,0.05,25
458,-180.49,100,False,,0,,0,1,0,1,0.5365,earthquake,146.5948,0.05,25
459,-27.19,100,False,,0,,0,1,0,1,0.0,heavy_rain,136.108,0.05,25
460,-94.62,100,False,,0,,0,1,0,1,0.2691,tsunami,152.955,0.05,25
461,-26.53,100,False,,0,,0,0,0,0,0.0,heavy_rain,138.8484,0.05,25
462,-498.54,100,False,,0,,25,0,0,0,0.3723,tsunami,139.6641,0.05,25
463,-587.24,100,False,,0,,26,3,0,3,0.6032,tsunami,144.6245,0.05,25
464,-335.52,100,False,,0,,13,0,0,0,0.5007,wildfire,144.7241,0.05,25
465,-108.48,100,False,,0,,0,0,0,0,0.3149,cyclone,145.8312,0.05,25
466,-57.74,100,False,,0,,0,0,0,0,0.1725,tsunami,144.9004,0.05,25
467,-812.42,100,False,,0,,38,41,0,41,0.6529,wildfire,151.3302,0.05,25
468,-27.5,100,False,,0,,0,0,0,0,0.0,traffic_jam,143.4527,0.05,25
469,-23.37,100,False,,0,,0,0,0,0,0.0,road_blockage,136.8593,0.05,25
470,-41.07,100,False,,0,,0,0,0,0,0.0587,combined,150.3316,0.05,25
471,-54.25,100,False,,0,,0,1,0,1,0.1733,flood,149.5524,0.05,25
472,-34.87,100,False,,0,,0,0,0,0,0.0705,earthquake,153.0742,0.05,25
473,-27.55,100,False,,0,,0,0,0,0,0.0008,landslide,142.5581,0.05,25
474,-24.18,100,False,,0,,0,0,0,0,0.0,road_blockage,143.1314,0.05,25
475,-33.77,100,False,,0,,0,5,0,5,0.0,road_blockage,150.1163,0.05,25
476,-339.47,100,False,,0,,0,71,0,71,0.8119,tsunami,148.2515,0.05,25
477,-43.79,100,False,,0,,0,0,0,0,0.091,heavy_rain,152.1796,0.05,25
478,-17.63,100,False,,0,,0,0,0,0,0.0,traffic_jam,143.276,0.05,25
479,-23.05,100,False,,0,,0,0,0,0,0.0,landslide,147.2819,0.05,25
480,-21.29,100,False,,0,,0,0,0,0,0.0,road_blockage,145.9605,0.05,25
481,-46.39,100,False,,0,,0,0,0,0,0.1563,earthquake,150.6409,0.05,25
482,-104.79,100,False,,0,,0,2,0,2,0.3778,earthquake,142.9338,0.05,25
483,-25.88,100,False,,0,,0,1,0,1,0.0,road_blockage,136.1461,0.05,25
484,-18.49,100,False,,0,,0,0,0,0,0.0,road_blockage,153.1529,0.05,25
485,-215.82,100,False,,0,,0,0,0,0,0.763,tsunami,151.2306,0.05,25
486,-96.91,100,False,,0,,0,0,0,0,0.3707,wildfire,155.8411,0.05,25
487,-33.27,100,False,,0,,0,1,0,1,0.0,heavy_rain,142.5908,0.05,25
488,-16.19,100,False,,0,,0,0,0,0,0.0,traffic_jam,141.009,0.05,25
489,-45.65,100,False,,0,,0,1,0,1,0.1037,landslide,152.0538,0.05,25
490,-19.52,100,False,,0,,0,1,0,1,0.0,traffic_jam,147.4206,0.05,25
491,-1089.4,100,False,,0,,60,1,0,1,0.6381,cyclone,147.3368,0.05,25
492,-25.25,100,False,,0,,0,2,0,2,0.0,traffic_jam,148.3286,0.05,25
493,-23.96,100,False,,0,,0,2,0,2,0.0048,landslide,145.9183,0.05,25
494,-25.78,100,False,,0,,0,0,0,0,0.0,road_blockage,147.1761,0.05,25
495,-130.44,100,False,,0,,6,0,0,0,0.1115,earthquake,144.9661,0.05,25
496,-43.74,100,False,,0,,0,0,0,0,0.1398,earthquake,144.3897,0.05,25
497,-275.35,100,False,,0,,7,0,0,0,0.5251,flood,160.5853,0.05,25
498,-129.93,100,False,,0,,0,2,0,2,0.3853,tsunami,142.9486,0.05,25
499,-110.66,100,False,,0,,0,0,0,0,0.2823,cyclone,139.6077,0.05,25
500,-24.76,100,False,,0,,0,0,0,0,0.0,traffic_jam,145.4144,0.05,25
501,-152.98,100,False,,0,,0,0,0,0,0.4546,tsunami,148.9622,0.05,25
502,-27.88,100,False,,0,,0,1,0,1,0.0,road_blockage,149.1503,0.05,25
503,-1182.15,100,False,,0,,61,20,0,20,0.7767,combined,142.4572,0.05,25
504,-77.16,100,False,,0,,0,1,0,1,0.2092,earthquake,145.2793,0.05,25
505,-15.34,100,False,,0,,0,0,0,0,0.0,landslide,145.8338,0.05,25
506,-22.64,100,False,,0,,0,0,0,0,0.0,road_blockage,142.6093,0.05,25
507,-52.7,100,False,,0,,0,1,0,1,0.1043,flood,148.3604,0.05,25
508,-28.97,100,False,,0,,0,0,0,0,0.0,road_blockage,155.8195,0.05,25
509,-22.31,100,False,,0,,0,0,0,0,0.0,landslide,149.0065,0.05,25
510,-75.53,100,False,,0,,0,0,0,0,0.3052,earthquake,155.5045,0.05,25
511,-23.24,100,False,,0,,0,0,0,0,0.0048,road_blockage,154.0316,0.05,25
512,-38.9,100,False,,0,,0,0,0,0,0.0895,heavy_rain,164.4557,0.05,25
513,-61.62,100,False,,0,,0,0,0,0,0.1688,earthquake,162.045,0.05,25
514,-121.05,100,False,,0,,0,0,0,0,0.4678,cyclone,152.3703,0.05,25
515,-109.08,100,False,,0,,2,0,0,0,0.2385,earthquake,156.2303,0.05,25
516,-125.27,100,False,,0,,0,5,0,5,0.3687,cyclone,160.7566,0.05,25
517,-125.94,100,False,,0,,0,5,0,5,0.4096,earthquake,163.8858,0.05,25
518,-29.63,100,False,,0,,0,0,0,0,0.07,earthquake,154.8764,0.05,25
519,-17.99,100,False,,0,,0,0,0,0,0.0,traffic_jam,157.1681,0.05,25
520,-97.96,100,False,,0,,0,1,0,1,0.2533,tsunami,142.7477,0.05,25
521,-43.82,100,False,,0,,0,0,0,0,0.1305,earthquake,145.8014,0.05,25
522,-25.65,100,False,,0,,0,2,0,2,0.0,landslide,154.0928,0.05,25
523,-98.62,100,False,,0,,0,1,0,1,0.3423,flood,145.9518,0.05,25
524,-81.65,100,False,,0,,0,0,0,0,0.2447,wildfire,150.6231,0.05,25
525,-19.05,100,False,,0,,0,0,0,0,0.0,landslide,151.03,0.05,25
526,-112.71,100,False,,0,,0,0,0,0,0.403,cyclone,155.0869,0.05,25
527,-23.76,100,False,,0,,0,0,0,0,0.0,road_blockage,162.6265,0.05,25
528,-21.71,100,False,,0,,0,0,0,0,0.0051,heavy_rain,155.2361,0.05,25
529,-18.31,100,False,,0,,0,0,0,0,0.0,landslide,146.2678,0.05,25
530,-196.18,100,False,,0,,0,12,0,12,0.7498,wildfire,151.2492,0.05,25
531,-120.01,100,False,,0,,0,24,0,24,0.2249,flood,167.3113,0.05,25
532,-90.65,100,False,,0,,0,3,0,3,0.2743,flood,157.9136,0.05,25
533,-28.4,100,False,,0,,0,0,0,0,0.0,road_blockage,155.1632,0.05,25
534,-25.29,100,False,,0,,0,1,0,1,0.0,traffic_jam,159.0244,0.05,25
535,-98.51,100,False,,0,,0,0,0,0,0.3778,combined,161.9262,0.05,25
536,-24.46,100,False,,0,,0,0,0,0,0.0,traffic_jam,154.0312,0.05,25
537,-141.42,100,False,,0,,0,4,0,4,0.5342,cyclone,159.3112,0.05,25
538,-18.05,100,False,,0,,0,0,0,0,0.0,traffic_jam,150.7678,0.05,25
539,-882.09,100,False,,0,,53,1,0,1,0.2656,tsunami,159.97,0.05,25
540,-39.0,100,False,,0,,0,1,0,1,0.0687,combined,161.627,0.05,25
541,-99.71,100,False,,0,,0,0,0,0,0.3606,earthquake,153.8502,0.05,25
542,-79.24,100,False,,0,,0,0,0,0,0.3135,cyclone,162.7772,0.05,25
543,-63.97,100,False,,0,,0,0,0,0,0.1813,cyclone,154.5405,0.05,25
544,-25.27,100,False,,0,,0,1,0,1,0.0,traffic_jam,150.729,0.05,25
545,-244.7,100,False,,0,,11,1,0,1,0.2223,wildfire,167.8332,0.05,25
546,-171.06,100,False,,0,,0,16,0,16,0.5463,flood,154.0915,0.05,25
547,-15.32,100,False,,0,,0,0,0,0,0.0,road_blockage,162.8925,0.05,25
548,-92.39,100,False,,0,,0,0,0,0,0.3445,cyclone,145.0781,0.05,25
549,-22.9,100,False,,0,,0,0,0,0,0.0,landslide,151.3866,0.05,25
550,-164.5,100,False,,0,,0,1,0,1,0.6522,combined,150.0236,0.05,25
551,-33.17,100,False,,0,,0,0,0,0,0.0005,traffic_jam,159.6042,0.05,25
552,-27.83,100,False,,0,,0,0,0,0,0.0,landslide,151.4543,0.05,25
553,-74.83,100,False,,0,,0,0,0,0,0.2308,wildfire,153.7135,0.05,25
554,-33.76,100,False,,0,,0,1,0,1,0.0297,flood,153.7353,0.05,25
555,-46.6,100,False,,0,,0,0,0,0,0.0879,earthquake,164.4444,0.05,25
556,-21.46,100,False,,0,,0,1,0,1,0.0,road_blockage,151.4332,0.05,25
557,-20.97,100,False,,0,,0,0,0,0,0.0,traffic_jam,155.3235,0.05,25
558,-19.78,100,False,,0,,0,0,0,0,0.0,landslide,156.0898,0.05,25
559,-63.87,100,False,,0,,0,0,0,0,0.1746,cyclone,159.2506,0.05,25
560,-26.52,100,False,,0,,0,2,0,2,0.0,traffic_jam,160.8888,0.05,25
561,-763.98,100,False,,0,,41,21,0,21,0.4321,cyclone,159.0414,0.05,25
562,-48.82,100,False,,0,,0,0,0,0,0.1688,tsunami,152.5942,0.05,25
563,-23.13,100,False,,0,,0,0,0,0,0.0,landslide,157.7405,0.05,25
564,-57.29,100,False,,0,,0,0,0,0,0.158,flood,155.0156,0.05,25
565,-176.01,100,False,,0,,5,3,0,3,0.3335,cyclone,146.5603,0.05,25
566,-61.76,100,False,,0,,0,1,0,1,0.1913,earthquake,154.8755,0.05,25
567,-20.85,100,False,,0,,0,0,0,0,0.0,road_blockage,161.7218,0.05,25
568,-146.23,100,False,,0,,0,0,0,0,0.6055,cyclone,156.0032,0.05,25
569,-21.0,100,False,,0,,0,0,0,0,0.0,road_blockage,156.8418,0.05,25
570,-11.8,100,False,,0,,0,0,0,0,0.0004,traffic_jam,158.1157,0.05,25
571,-111.04,100,False,,0,,0,1,0,1,0.4288,combined,156.6152,0.05,25
572,-139.77,100,False,,0,,0,0,0,0,0.5147,tsunami,150.9626,0.05,25
573,-562.42,100,False,,0,,30,0,0,0,0.4786,wildfire,149.3268,0.05,25
574,-172.8,100,False,,0,,0,1,0,1,0.6189,cyclone,156.7916,0.05,25
575,-528.35,100,False,,0,,30,0,0,0,0.2598,combined,154.6819,0.05,25
576,-42.72,100,False,,0,,0,2,0,2,0.0441,flood,162.4004,0.05,25
577,-26.26,100,False,,0,,0,0,0,0,0.0187,landslide,155.9298,0.05,25
578,-24.15,100,False,,0,,0,0,0,0,0.0027,landslide,152.5829,0.05,25
579,-115.55,100,False,,0,,0,0,0,0,0.4293,earthquake,143.7254,0.05,25
580,-45.6,100,False,,0,,0,0,0,0,0.0772,flood,156.2476,0.05,25
581,-97.19,100,False,,0,,0,0,0,0,0.3572,earthquake,157.7608,0.05,25
582,-24.78,100,False,,0,,0,1,0,1,0.0,road_blockage,148.1665,0.05,25
583,-21.04,100,False,,0,,0,0,0,0,0.0,landslide,154.775,0.05,25
584,-58.6,100,False,,0,,0,0,0,0,0.1549,tsunami,160.024,0.05,25
585,-28.77,100,False,,0,,0,3,0,3,0.0,traffic_jam,158.4053,0.05,25
586,-122.25,100,False,,0,,0,0,0,0,0.385,tsunami,153.5564,0.05,25
587,-21.78,100,False,,0,,0,0,0,0,0.0,landslide,143.8886,0.05,25
588,-183.14,100,False,,0,,0,1,0,1,0.6961,cyclone,142.6235,0.05,25
589,-156.79,100,False,,0,,0,0,0,0,0.5888,combined,152.3997,0.05,25
590,-27.02,100,False,,0,,0,1,0,1,0.0,traffic_jam,146.9598,0.05,25
591,-26.44,100,False,,0,,0,0,0,0,0.0031,landslide,160.9961,0.05,25
592,-25.14,100,False,,0,,0,0,0,0,0.0,traffic_jam,165.4093,0.05,25
593,-33.93,100,False,,0,,0,0,0,0,0.0,traffic_jam,156.7919,0.05,25
594,-14.18,100,False,,0,,0,0,0,0,0.0,landslide,162.7725,0.05,25
595,-31.07,100,False,,0,,0,2,0,2,0.0152,earthquake,150.5919,0.05,25
596,-25.71,100,False,,0,,0,0,0,0,0.0,traffic_jam,157.1264,0.05,25
597,-97.82,100,False,,0,,0,1,0,1,0.3649,flood,160.6021,0.05,25
598,-30.1,100,False,,0,,0,0,0,0,0.0261,flood,161.8216,0.05,25
599,-207.52,100,False,,0,,0,22,0,22,0.6599,wildfire,154.868,0.05,25
600,-123.71,100,False,,0,,0,33,0,33,0.1798,tsunami,159.9187,0.05,25
601,-21.95,100,False,,0,,0,0,0,0,0.0,road_blockage,153.3777,0.05,25
602,-40.73,100,False,,0,,0,0,0,0,0.0715,heavy_rain,160.6006,0.05,25
603,-95.86,100,False,,0,,0,0,0,0,0.32,wildfire,160.2746,0.05,25
604,-48.1,100,False,,0,,0,3,0,3,0.072,flood,162.1616,0.05,25
605,-102.86,100,False,,0,,0,5,0,5,0.2415,cyclone,151.397,0.05,25
606,-82.26,100,False,,0,,0,0,0,0,0.253,wildfire,161.7453,0.05,25
607,-27.56,100,False,,0,,0,0,0,0,0.0083,heavy_rain,160.8169,0.05,25
608,-41.1,100,False,,0,,0,0,0,0,0.1248,cyclone,148.7247,0.05,25
609,-18.29,100,False,,0,,0,0,0,0,0.0,road_blockage,153.4303,0.05,25
610,-22.72,100,False,,0,,0,0,0,0,0.0,road_blockage,156.5292,0.05,25
611,-21.04,100,False,,0,,0,0,0,0,0.0,road_blockage,157.9328,0.05,25
612,-156.41,100,False,,0,,0,2,0,2,0.659,combined,155.049,0.05,25
613,-15.23,100,False,,0,,0,0,0,0,0.0,landslide,151.3216,0.05,25
614,-23.44,100,False,,0,,0,0,0,0,0.0003,heavy_rain,151.335,0.05,25
615,-21.82,100,False,,0,,0,0,0,0,0.0,traffic_jam,159.4742,0.05,25
616,-94.99,100,False,,0,,0,3,0,3,0.3963,flood,153.3427,0.05,25
617,-28.26,100,False,,0,,0,0,0,0,0.0,road_blockage,145.4589,0.05,25
618,-127.58,100,False,,0,,0,0,0,0,0.4877,earthquake,158.2378,0.05,25
619,-112.04,100,False,,0,,0,0,0,0,0.416,earthquake,158.0855,0.05,25
620,-153.81,100,False,,0,,1,0,0,0,0.5658,combined,154.7308,0.05,25
621,-144.67,100,False,,0,,0,1,0,1,0.5594,cyclone,152.4107,0.05,25
622,-13.04,100,False,,0,,0,0,0,0,0.0,traffic_jam,147.6023,0.05,25
623,-58.83,100,False,,0,,0,0,0,0,0.1692,earthquake,158.0111,0.05,25
624,-58.27,100,False,,0,,0,0,0,0,0.1563,tsunami,153.6477,0.05,25
625,-18.35,100,False,,0,,0,0,0,0,0.0306,earthquake,144.8356,0.05,25
626,-63.49,100,False,,0,,0,1,0,1,0.1491,tsunami,150.6276,0.05,25
627,-648.79,100,False,,0,,34,1,0,1,0.5463,wildfire,149.6402,0.05,25
628,35.74,69,True,138.0,30,1.417,0,0,0,0,0.2453,cyclone,157.6119,0.05,18
629,-26.08,100,False,,0,,0,0,0,0,0.0,heavy_rain,159.4975,0.05,25
630,-87.07,100,False,,0,,0,0,0,0,0.1834,tsunami,167.0204,0.05,25
631,-21.37,100,False,,0,,0,1,0,1,0.0,landslide,170.7567,0.05,25
632,-43.38,100,False,,0,,0,0,0,0,0.084,flood,164.4972,0.05,25
633,-134.04,100,False,,0,,0,8,0,8,0.3885,earthquake,166.5423,0.05,25
634,-140.61,100,False,,0,,0,12,0,12,0.4541,wildfire,163.9166,0.05,25
635,-19.29,100,False,,0,,0,2,0,2,0.0,road_blockage,163.6615,0.05,25
636,-20.17,100,False,,0,,0,0,0,0,0.0,traffic_jam,154.6321,0.05,25
637,-172.55,100,False,,0,,0,0,0,0,0.6221,wildfire,167.413,0.05,25
638,-90.06,100,False,,0,,0,0,0,0,0.2841,cyclone,168.9943,0.05,25
639,-42.95,100,False,,0,,0,0,0,0,0.0804,combined,152.9944,0.05,25
640,-258.62,100,False,,0,,0,42,0,42,0.7438,combined,173.4487,0.05,25
641,-16.49,100,False,,0,,0,0,0,0,0.0,traffic_jam,167.0795,0.05,25
642,-57.93,100,False,,0,,0,0,0,0,0.1906,earthquake,160.0973,0.05,25
643,-37.48,100,False,,0,,0,0,0,0,0.0,road_blockage,155.0955,0.05,25
644,-54.94,100,False,,0,,0,0,0,0,0.0924,heavy_rain,165.5417,0.05,25
645,-22.65,100,False,,0,,0,1,0,1,0.004,heavy_rain,160.8905,0.05,25
646,-136.14,100,False,,0,,0,0,0,0,0.4371,cyclone,167.7156,0.05,25
647,-160.56,100,False,,0,,0,40,0,40,0.3006,tsunami,158.9258,0.05,25
648,-187.5,100,False,,0,,0,46,0,46,0.3605,tsunami,160.167,0.05,25
649,-175.25,100,False,,0,,5,1,0,1,0.3176,combined,159.5924,0.05,25
650,-49.53,100,False,,0,,0,1,0,1,0.001,road_blockage,163.2374,0.05,25
651,-100.28,100,False,,0,,0,0,0,0,0.3468,flood,169.4254,0.05,25
652,-117.21,100,False,,0,,0,1,0,1,0.3603,wildfire,171.169,0.05,25
653,-33.04,100,False,,0,,0,0,0,0,0.0,traffic_jam,168.2446,0.05,25
654,-380.68,100,False,,0,,19,1,0,1,0.334,combined,156.1363,0.05,25
655,-91.37,100,False,,0,,0,3,0,3,0.2164,cyclone,168.0071,0.05,25
656,-44.26,100,False,,0,,0,1,0,1,0.0624,landslide,170.0222,0.05,25
657,-128.97,100,False,,0,,0,7,0,7,0.286,tsunami,156.7331,0.05,25
658,-29.99,100,False,,0,,0,0,0,0,0.0,traffic_jam,162.4689,0.05,25
659,-27.65,100,False,,0,,0,0,0,0,0.0,road_blockage,163.3101,0.05,25
660,-21.58,100,False,,0,,0,0,0,0,0.0401,heavy_rain,175.5717,0.05,25
661,-149.01,100,False,,0,,0,5,0,5,0.5323,wildfire,171.2557,0.05,25
662,-20.82,100,False,,0,,0,0,0,0,0.0,traffic_jam,165.4877,0.05,25
663,-98.36,100,False,,0,,0,0,0,0,0.2307,tsunami,152.8278,0.05,25
664,-18.64,100,False,,0,,0,0,0,0,0.0,landslide,167.7224,0.05,25
665,-226.39,100,False,,0,,0,0,0,0,0.7684,tsunami,155.5191,0.05,25
666,-64.94,100,False,,0,,0,0,0,0,0.1966,combined,165.5954,0.05,25
667,-105.0,100,False,,0,,0,0,0,0,0.4222,combined,165.7265,0.05,25
668,-69.58,100,False,,0,,0,0,0,0,0.1695,flood,170.5722,0.05,25
669,-223.68,100,False,,0,,0,36,0,36,0.6172,cyclone,157.6342,0.05,25
670,-32.27,100,False,,0,,0,0,0,0,0.046,landslide,167.4262,0.05,25
671,-30.68,100,False,,0,,0,0,0,0,0.0309,flood,182.4452,0.05,25
672,-40.02,100,False,,0,,0,0,0,0,0.1117,combined,173.8303,0.05,25
673,-49.38,100,False,,0,,0,0,0,0,0.1236,heavy_rain,180.7923,0.05,25
674,-553.59,100,False,,0,,33,0,0,0,0.1586,flood,170.8306,0.05,25
675,-29.38,100,False,,0,,0,0,0,0,0.0,road_blockage,173.1943,0.05,25
676,-20.85,100,False,,0,,0,1,0,1,0.0,road_blockage,170.6069,0.05,25
677,-232.99,100,False,,0,,11,0,0,0,0.1979,flood,172.5893,0.05,25
678,-122.68,100,False,,0,,1,2,0,2,0.4146,wildfire,167.206,0.05,25
679,-31.48,100,False,,0,,0,0,0,0,0.0358,heavy_rain,167.1205,0.05,25
680,-198.64,100,False,,0,,0,0,0,0,0.7574,combined,182.6347,0.05,25
681,-36.28,100,False,,0,,0,0,0,0,0.0,traffic_jam,180.2127,0.05,25
682,-29.06,100,False,,0,,0,0,0,0,0.0,traffic_jam,177.848,0.05,25
683,-23.37,100,False,,0,,0,2,0,2,0.009,landslide,170.482,0.05,25
684,-59.89,100,False,,0,,0,0,0,0,0.1789,flood,169.6407,0.05,25
685,-368.03,100,False,,0,,17,1,0,1,0.4399,wildfire,174.4982,0.05,25
686,-754.55,100,False,,0,,41,0,0,0,0.4459,tsunami,167.3332,0.05,25
687,-24.7,100,False,,0,,0,0,0,0,0.0,landslide,172.1623,0.05,25
688,-53.05,100,False,,0,,0,0,0,0,0.1214,earthquake,170.5794,0.05,25
689,-62.95,100,False,,0,,0,0,0,0,0.1995,cyclone,171.3182,0.05,25
690,-20.47,100,False,,0,,0,2,0,2,0.0,traffic_jam,177.1311,0.05,25
691,-28.53,100,False,,0,,0,1,0,1,0.0026,landslide,183.612,0.05,25
692,-24.54,100,False,,0,,0,0,0,0,0.0,landslide,184.4842,0.05,25
693,-16.95,100,False,,0,,0,0,0,0,0.0,road_blockage,173.3471,0.05,25
694,-21.16,100,False,,0,,0,0,0,0,0.0,heavy_rain,163.4196,0.05,25
695,-69.41,100,False,,0,,0,1,0,1,0.1987,cyclone,176.8671,0.05,25
696,-28.88,100,False,,0,,0,0,0,0,0.0,road_blockage,181.2348,0.05,25
697,-174.11,100,False,,0,,0,1,0,1,0.5951,cyclone,179.123,0.05,25
698,-10.34,100,False,,0,,0,0,0,0,0.0004,road_blockage,174.6728,0.05,25
699,-175.2,100,False,,0,,0,1,0,1,0.541,heavy_rain,169.1736,0.05,25
700,-19.29,100,False,,0,,0,0,0,0,0.0,landslide,169.6698,0.05,25
701,-51.49,100,False,,0,,0,1,0,1,0.1344,earthquake,167.7297,0.05,25
702,-26.84,100,False,,0,,0,0,0,0,0.0045,traffic_jam,173.6231,0.05,25
703,-160.46,100,False,,0,,0,2,0,2,0.6059,cyclone,185.3413,0.05,25
704,-23.57,90,True,180.0,33,3.833,0,1,0,1,0.4905,wildfire,174.9487,0.05,22
705,-28.7,100,False,,0,,0,0,0,0,0.0217,heavy_rain,178.623,0.05,25
706,-93.84,100,False,,0,,0,1,0,1,0.3313,wildfire,177.3931,0.05,25
707,-208.07,100,False,,0,,0,2,0,2,0.6168,tsunami,177.0265,0.05,25
708,-89.19,100,False,,0,,0,0,0,0,0.2681,combined,173.4695,0.05,25
709,-136.64,100,False,,0,,0,2,0,2,0.4792,earthquake,179.5315,0.05,25
710,-53.3,100,False,,0,,0,0,0,0,0.1205,tsunami,180.7686,0.05,25
711,-835.67,100,False,,0,,44,28,0,28,0.4805,flood,184.4635,0.05,25
712,-48.24,100,False,,0,,0,0,0,0,0.0822,heavy_rain,181.1534,0.05,25
713,-125.29,100,False,,0,,0,0,0,0,0.3881,cyclone,181.3648,0.05,25
714,-10.23,100,False,,0,,0,0,0,0,0.0,road_blockage,181.0375,0.05,25
715,-42.72,100,False,,0,,0,0,0,0,0.1176,wildfire,184.8119,0.05,25
716,-339.31,100,False,,0,,12,0,0,0,0.593,combined,180.5817,0.05,25
717,-24.34,100,False,,0,,0,0,0,0,0.0046,traffic_jam,183.1923,0.05,25
718,-267.11,100,False,,0,,7,2,0,2,0.5529,combined,175.9119,0.05,25
719,-24.27,100,False,,0,,0,0,0,0,0.0,traffic_jam,186.2652,0.05,25
720,-24.85,100,False,,0,,0,3,0,3,0.0,traffic_jam,181.4051,0.05,25
721,-96.77,100,False,,0,,0,0,0,0,0.345,flood,182.2793,0.05,25
722,-664.89,100,False,,0,,33,20,0,20,0.4431,cyclone,180.9765,0.05,25
723,-108.51,100,False,,0,,0,0,0,0,0.3603,cyclone,180.1519,0.05,25
724,-13.45,100,False,,0,,0,0,0,0,0.0,traffic_jam,179.1477,0.05,25
725,-345.75,100,False,,0,,19,0,0,0,0.2088,wildfire,181.533,0.05,25
726,-31.06,100,False,,0,,0,0,0,0,0.084,earthquake,174.8048,0.05,25
727,-21.7,100,False,,0,,0,0,0,0,0.0,heavy_rain,191.6494,0.05,25
728,-21.87,100,False,,0,,0,0,0,0,0.0,heavy_rain,176.3814,0.05,25
729,-50.38,100,False,,0,,0,0,0,0,0.1147,earthquake,187.9963,0.05,25
730,-17.7,100,False,,0,,0,0,0,0,0.0,landslide,194.9847,0.05,25
731,-63.5,100,False,,0,,0,0,0,0,0.1913,tsunami,187.9552,0.05,25
732,-152.84,100,False,,0,,0,0,0,0,0.424,tsunami,190.4225,0.05,25
733,-26.27,100,False,,0,,0,0,0,0,0.0,traffic_jam,188.0371,0.05,25
734,-175.78,100,False,,0,,0,1,0,1,0.5547,cyclone,186.0852,0.05,25
735,-41.23,100,False,,0,,0,0,0,0,0.0,road_blockage,182.2468,0.05,25
736,-99.25,100,False,,0,,0,2,0,2,0.1977,tsunami,196.6783,0.05,25
737,-31.85,100,False,,0,,0,0,0,0,0.0844,combined,188.6081,0.05,25
738,-37.74,100,False,,0,,0,0,0,0,0.0817,heavy_rain,189.763,0.05,25
739,-278.64,100,False,,0,,14,0,0,0,0.2122,earthquake,197.655,0.05,25
740,-32.47,100,False,,0,,0,0,0,0,0.0193,traffic_jam,190.5353,0.05,25
741,-23.34,100,False,,0,,0,0,0,0,0.0005,landslide,195.5164,0.05,25
742,-31.78,100,False,,0,,0,0,0,0,0.0048,road_blockage,194.7436,0.05,25
743,-70.63,100,False,,0,,0,0,0,0,0.1597,heavy_rain,184.3688,0.05,25
744,-33.5,100,False,,0,,0,0,0,0,0.0313,flood,189.7127,0.05,25
745,-105.08,100,False,,0,,0,1,0,1,0.335,flood,182.0223,0.05,25
746,-160.72,100,False,,0,,0,16,0,16,0.4257,flood,190.6312,0.05,25
747,-42.2,100,False,,0,,0,0,0,0,0.0943,heavy_rain,166.1901,0.05,25
748,-90.64,100,False,,0,,0,0,0,0,0.2808,earthquake,190.3774,0.05,25
749,-100.69,100,False,,0,,0,4,0,4,0.3643,cyclone,196.0599,0.05,25
750,-76.1,100,False,,0,,0,10,0,10,0.1972,earthquake,186.945,0.05,25
751,-16.72,100,True,200.0,38,4.167,0,0,0,0,0.3654,tsunami,186.8797,0.05,25
752,-469.71,100,False,,0,,20,0,0,0,0.6522,combined,187.948,0.05,25
753,-28.59,100,False,,0,,0,0,0,0,0.014,landslide,178.7264,0.05,25
754,-24.62,100,False,,0,,0,0,0,0,0.0,traffic_jam,188.2679,0.05,25
755,-55.69,100,False,,0,,0,0,0,0,0.179,combined,186.9218,0.05,25
756,-80.52,100,False,,0,,0,0,0,0,0.2518,combined,199.6356,0.05,25
757,-125.48,100,False,,0,,3,0,0,0,0.2619,earthquake,185.6284,0.05,25
758,-21.53,100,False,,0,,0,0,0,0,0.0,heavy_rain,190.1766,0.05,25
759,-86.33,100,False,,0,,0,0,0,0,0.2605,wildfire,196.3843,0.05,25
760,-42.42,100,False,,0,,0,0,0,0,0.0697,cyclone,187.8729,0.05,25
761,-145.08,100,False,,0,,0,0,0,0,0.453,cyclone,185.3519,0.05,25
762,-21.37,100,False,,0,,0,0,0,0,0.0,road_blockage,186.6173,0.05,25
763,-865.06,100,False,,0,,47,0,0,0,0.628,combined,188.9591,0.05,25
764,-26.36,100,False,,0,,0,0,0,0,0.0267,heavy_rain,196.3619,0.05,25
765,-23.99,100,False,,0,,0,0,0,0,0.0,landslide,185.1457,0.05,25
766,-59.9,100,False,,0,,0,0,0,0,0.1319,heavy_rain,191.2271,0.05,25
767,-59.85,100,False,,0,,0,0,0,0,0.1587,cyclone,182.4588,0.05,25
768,-209.21,100,False,,0,,10,0,0,0,0.1885,flood,176.0339,0.05,25
769,-147.43,100,False,,0,,0,0,0,0,0.4983,earthquake,185.8086,0.05,25
770,-56.82,100,False,,0,,0,0,0,0,0.1488,landslide,196.2582,0.05,25
771,-19.83,100,False,,0,,0,0,0,0,0.0,landslide,195.9597,0.05,25
772,-29.88,100,False,,0,,0,2,0,2,0.0,heavy_rain,180.9178,0.05,25
773,-1046.8,100,False,,0,,63,1,0,1,0.3446,tsunami,192.7473,0.05,25
774,-15.34,100,False,,0,,0,0,0,0,0.0,traffic_jam,195.7962,0.05,25
775,-95.27,100,False,,0,,0,2,0,2,0.2606,cyclone,187.2976,0.05,25
776,-47.82,100,False,,0,,0,0,0,0,0.0961,tsunami,194.2902,0.05,25
777,-28.77,100,False,,0,,0,0,0,0,0.0161,earthquake,192.9011,0.05,25
778,-19.47,100,False,,0,,0,0,0,0,0.0,traffic_jam,190.5143,0.05,25
779,-15.59,100,False,,0,,0,0,0,0,0.0,road_blockage,200.0084,0.05,25
780,-709.83,100,False,,0,,38,0,0,0,0.4358,earthquake,200.419,0.05,25
781,-761.3,100,False,,0,,43,0,0,0,0.2813,tsunami,194.8704,0.05,25
782,-27.5,100,False,,0,,0,2,0,2,0.0054,road_blockage,201.0321,0.05,25
783,-47.43,100,False,,0,,0,1,0,1,0.1023,tsunami,181.9203,0.05,25
784,-21.0,100,False,,0,,0,0,0,0,0.0,landslide,183.4608,0.05,25
785,-117.06,100,False,,0,,3,0,0,0,0.1976,earthquake,188.4336,0.05,25
786,-132.08,100,False,,0,,0,0,0,0,0.5005,flood,189.8553,0.05,25
787,-24.22,100,False,,0,,0,0,0,0,0.0169,landslide,190.3879,0.05,25
788,-683.31,100,False,,0,,36,0,0,0,0.3752,cyclone,191.6484,0.05,25
789,-27.17,100,False,,0,,0,2,0,2,0.0014,landslide,194.2206,0.05,25
790,-161.59,100,False,,0,,0,6,0,6,0.5091,combined,202.7229,0.05,25
791,-22.32,100,False,,0,,0,0,0,0,0.0041,landslide,199.8298,0.05,25
792,-215.77,100,False,,0,,0,4,0,4,0.7389,wildfire,193.1386,0.05,25
793,-91.78,100,False,,0,,0,0,0,0,0.277,wildfire,203.0994,0.05,25
794,-21.24,100,False,,0,,0,0,0,0,0.0,traffic_jam,205.8786,0.05,25
795,-28.27,100,False,,0,,0,0,0,0,0.0002,heavy_rain,198.8038,0.05,25
796,-71.11,64,True,128.0,33,1.455,8,0,0,0,0.2454,combined,201.4069,0.05,16
797,-12.95,100,False,,0,,0,0,0,0,0.0,heavy_rain,205.3611,0.05,25
798,-97.7,100,False,,0,,0,0,0,0,0.3381,tsunami,199.0501,0.05,25
799,-32.83,100,False,,0,,0,0,0,0,0.0415,earthquake,194.7701,0.05,25
800,-59.68,100,False,,0,,0,0,0,0,0.1299,earthquake,193.976,0.05,25
